Country Name,Country Code,Indicator Name,Indicator Code,Year,GINI
Angola,AGO,GINI index (World Bank estimate),SI.POV.GINI,2000,51.96
Angola,AGO,GINI index (World Bank estimate),SI.POV.GINI,2008,42.72
Albania,ALB,GINI index (World Bank estimate),SI.POV.GINI,1996,27.01
Albania,ALB,GINI index (World Bank estimate),SI.POV.GINI,2002,32.46
Albania,ALB,GINI index (World Bank estimate),SI.POV.GINI,2005,30.60
Albania,ALB,GINI index (World Bank estimate),SI.POV.GINI,2008,29.98
Albania,ALB,GINI index (World Bank estimate),SI.POV.GINI,2012,28.96
Argentina,ARG,GINI index (World Bank estimate),SI.POV.GINI,1986,42.79
Argentina,ARG,GINI index (World Bank estimate),SI.POV.GINI,1987,45.28
Argentina,ARG,GINI index (World Bank estimate),SI.POV.GINI,1991,46.76
Argentina,ARG,GINI index (World Bank estimate),SI.POV.GINI,1992,45.47
Argentina,ARG,GINI index (World Bank estimate),SI.POV.GINI,1993,44.86
Argentina,ARG,GINI index (World Bank estimate),SI.POV.GINI,1994,45.92
Argentina,ARG,GINI index (World Bank estimate),SI.POV.GINI,1995,48.90
Argentina,ARG,GINI index (World Bank estimate),SI.POV.GINI,1996,49.52
Argentina,ARG,GINI index (World Bank estimate),SI.POV.GINI,1997,49.11
Argentina,ARG,GINI index (World Bank estimate),SI.POV.GINI,1998,50.73
Argentina,ARG,GINI index (World Bank estimate),SI.POV.GINI,1999,49.79
Argentina,ARG,GINI index (World Bank estimate),SI.POV.GINI,2000,51.06
Argentina,ARG,GINI index (World Bank estimate),SI.POV.GINI,2001,53.34
Argentina,ARG,GINI index (World Bank estimate),SI.POV.GINI,2002,53.79
Argentina,ARG,GINI index (World Bank estimate),SI.POV.GINI,2003,53.54
Argentina,ARG,GINI index (World Bank estimate),SI.POV.GINI,2004,50.18
Argentina,ARG,GINI index (World Bank estimate),SI.POV.GINI,2005,49.27
Argentina,ARG,GINI index (World Bank estimate),SI.POV.GINI,2006,48.26
Argentina,ARG,GINI index (World Bank estimate),SI.POV.GINI,2007,47.37
Argentina,ARG,GINI index (World Bank estimate),SI.POV.GINI,2008,46.27
Argentina,ARG,GINI index (World Bank estimate),SI.POV.GINI,2009,45.27
Argentina,ARG,GINI index (World Bank estimate),SI.POV.GINI,2010,44.50
Argentina,ARG,GINI index (World Bank estimate),SI.POV.GINI,2011,43.57
Argentina,ARG,GINI index (World Bank estimate),SI.POV.GINI,2012,42.49
Argentina,ARG,GINI index (World Bank estimate),SI.POV.GINI,2013,42.28
Armenia,ARM,GINI index (World Bank estimate),SI.POV.GINI,1996,44.42
Armenia,ARM,GINI index (World Bank estimate),SI.POV.GINI,1999,36.22
Armenia,ARM,GINI index (World Bank estimate),SI.POV.GINI,2001,35.37
Armenia,ARM,GINI index (World Bank estimate),SI.POV.GINI,2002,34.78
Armenia,ARM,GINI index (World Bank estimate),SI.POV.GINI,2003,33.03
Armenia,ARM,GINI index (World Bank estimate),SI.POV.GINI,2004,37.51
Armenia,ARM,GINI index (World Bank estimate),SI.POV.GINI,2005,35.99
Armenia,ARM,GINI index (World Bank estimate),SI.POV.GINI,2006,32.49
Armenia,ARM,GINI index (World Bank estimate),SI.POV.GINI,2007,29.83
Armenia,ARM,GINI index (World Bank estimate),SI.POV.GINI,2008,30.71
Armenia,ARM,GINI index (World Bank estimate),SI.POV.GINI,2009,29.58
Armenia,ARM,GINI index (World Bank estimate),SI.POV.GINI,2010,31.07
Armenia,ARM,GINI index (World Bank estimate),SI.POV.GINI,2011,31.32
Armenia,ARM,GINI index (World Bank estimate),SI.POV.GINI,2012,30.48
Armenia,ARM,GINI index (World Bank estimate),SI.POV.GINI,2013,31.54
Australia,AUS,GINI index (World Bank estimate),SI.POV.GINI,1981,31.33
Australia,AUS,GINI index (World Bank estimate),SI.POV.GINI,1985,32.50
Australia,AUS,GINI index (World Bank estimate),SI.POV.GINI,1989,33.15
Australia,AUS,GINI index (World Bank estimate),SI.POV.GINI,1995,33.72
Australia,AUS,GINI index (World Bank estimate),SI.POV.GINI,2001,34.14
Australia,AUS,GINI index (World Bank estimate),SI.POV.GINI,2003,34.01
Australia,AUS,GINI index (World Bank estimate),SI.POV.GINI,2008,35.63
Australia,AUS,GINI index (World Bank estimate),SI.POV.GINI,2010,34.94
Austria,AUT,GINI index (World Bank estimate),SI.POV.GINI,2004,29.87
Austria,AUT,GINI index (World Bank estimate),SI.POV.GINI,2005,28.72
Austria,AUT,GINI index (World Bank estimate),SI.POV.GINI,2006,29.59
Austria,AUT,GINI index (World Bank estimate),SI.POV.GINI,2007,30.58
Austria,AUT,GINI index (World Bank estimate),SI.POV.GINI,2008,30.45
Austria,AUT,GINI index (World Bank estimate),SI.POV.GINI,2009,31.50
Austria,AUT,GINI index (World Bank estimate),SI.POV.GINI,2010,30.25
Austria,AUT,GINI index (World Bank estimate),SI.POV.GINI,2011,30.80
Austria,AUT,GINI index (World Bank estimate),SI.POV.GINI,2012,30.48
Azerbaijan,AZE,GINI index (World Bank estimate),SI.POV.GINI,1995,34.65
Azerbaijan,AZE,GINI index (World Bank estimate),SI.POV.GINI,2001,36.45
Azerbaijan,AZE,GINI index (World Bank estimate),SI.POV.GINI,2002,17.36
Azerbaijan,AZE,GINI index (World Bank estimate),SI.POV.GINI,2003,18.81
Azerbaijan,AZE,GINI index (World Bank estimate),SI.POV.GINI,2004,16.23
Azerbaijan,AZE,GINI index (World Bank estimate),SI.POV.GINI,2005,16.64
Burundi,BDI,GINI index (World Bank estimate),SI.POV.GINI,1992,33.33
Burundi,BDI,GINI index (World Bank estimate),SI.POV.GINI,1998,42.35
Burundi,BDI,GINI index (World Bank estimate),SI.POV.GINI,2006,33.36
Belgium,BEL,GINI index (World Bank estimate),SI.POV.GINI,2004,30.63
Belgium,BEL,GINI index (World Bank estimate),SI.POV.GINI,2005,29.88
Belgium,BEL,GINI index (World Bank estimate),SI.POV.GINI,2006,28.26
Belgium,BEL,GINI index (World Bank estimate),SI.POV.GINI,2007,29.57
Belgium,BEL,GINI index (World Bank estimate),SI.POV.GINI,2008,29.00
Belgium,BEL,GINI index (World Bank estimate),SI.POV.GINI,2009,28.70
Belgium,BEL,GINI index (World Bank estimate),SI.POV.GINI,2010,28.53
Belgium,BEL,GINI index (World Bank estimate),SI.POV.GINI,2011,28.43
Belgium,BEL,GINI index (World Bank estimate),SI.POV.GINI,2012,27.59
Benin,BEN,GINI index (World Bank estimate),SI.POV.GINI,2003,38.58
Benin,BEN,GINI index (World Bank estimate),SI.POV.GINI,2011,43.44
Burkina Faso,BFA,GINI index (World Bank estimate),SI.POV.GINI,1994,48.07
Burkina Faso,BFA,GINI index (World Bank estimate),SI.POV.GINI,1998,49.94
Burkina Faso,BFA,GINI index (World Bank estimate),SI.POV.GINI,2003,43.25
Burkina Faso,BFA,GINI index (World Bank estimate),SI.POV.GINI,2009,39.76
Bangladesh,BGD,GINI index (World Bank estimate),SI.POV.GINI,1983,25.88
Bangladesh,BGD,GINI index (World Bank estimate),SI.POV.GINI,1985,26.92
Bangladesh,BGD,GINI index (World Bank estimate),SI.POV.GINI,1988,28.85
Bangladesh,BGD,GINI index (World Bank estimate),SI.POV.GINI,1991,27.57
Bangladesh,BGD,GINI index (World Bank estimate),SI.POV.GINI,1995,32.94
Bangladesh,BGD,GINI index (World Bank estimate),SI.POV.GINI,2000,33.06
Bangladesh,BGD,GINI index (World Bank estimate),SI.POV.GINI,2005,32.73
Bangladesh,BGD,GINI index (World Bank estimate),SI.POV.GINI,2010,31.98
Bulgaria,BGR,GINI index (World Bank estimate),SI.POV.GINI,1989,23.43
Bulgaria,BGR,GINI index (World Bank estimate),SI.POV.GINI,1992,30.71
Bulgaria,BGR,GINI index (World Bank estimate),SI.POV.GINI,1994,24.32
Bulgaria,BGR,GINI index (World Bank estimate),SI.POV.GINI,1995,35.40
Bulgaria,BGR,GINI index (World Bank estimate),SI.POV.GINI,1997,26.38
Bulgaria,BGR,GINI index (World Bank estimate),SI.POV.GINI,2001,32.68
Bulgaria,BGR,GINI index (World Bank estimate),SI.POV.GINI,2003,28.92
Bulgaria,BGR,GINI index (World Bank estimate),SI.POV.GINI,2006,35.73
Bulgaria,BGR,GINI index (World Bank estimate),SI.POV.GINI,2007,28.14
Bulgaria,BGR,GINI index (World Bank estimate),SI.POV.GINI,2008,33.57
Bulgaria,BGR,GINI index (World Bank estimate),SI.POV.GINI,2009,33.82
Bulgaria,BGR,GINI index (World Bank estimate),SI.POV.GINI,2010,35.65
Bulgaria,BGR,GINI index (World Bank estimate),SI.POV.GINI,2011,34.28
Bulgaria,BGR,GINI index (World Bank estimate),SI.POV.GINI,2012,36.01
Bosnia and Herzegovina,BIH,GINI index (World Bank estimate),SI.POV.GINI,2001,29.30
Bosnia and Herzegovina,BIH,GINI index (World Bank estimate),SI.POV.GINI,2004,34.04
Bosnia and Herzegovina,BIH,GINI index (World Bank estimate),SI.POV.GINI,2007,33.04
Belarus,BLR,GINI index (World Bank estimate),SI.POV.GINI,1988,22.76
Belarus,BLR,GINI index (World Bank estimate),SI.POV.GINI,1993,21.60
Belarus,BLR,GINI index (World Bank estimate),SI.POV.GINI,1995,28.76
Belarus,BLR,GINI index (World Bank estimate),SI.POV.GINI,1998,30.67
Belarus,BLR,GINI index (World Bank estimate),SI.POV.GINI,1999,31.31
Belarus,BLR,GINI index (World Bank estimate),SI.POV.GINI,2000,29.72
Belarus,BLR,GINI index (World Bank estimate),SI.POV.GINI,2001,30.97
Belarus,BLR,GINI index (World Bank estimate),SI.POV.GINI,2002,30.18
Belarus,BLR,GINI index (World Bank estimate),SI.POV.GINI,2003,29.52
Belarus,BLR,GINI index (World Bank estimate),SI.POV.GINI,2004,26.59
Belarus,BLR,GINI index (World Bank estimate),SI.POV.GINI,2005,27.78
Belarus,BLR,GINI index (World Bank estimate),SI.POV.GINI,2006,28.17
Belarus,BLR,GINI index (World Bank estimate),SI.POV.GINI,2007,28.78
Belarus,BLR,GINI index (World Bank estimate),SI.POV.GINI,2008,27.22
Belarus,BLR,GINI index (World Bank estimate),SI.POV.GINI,2009,27.69
Belarus,BLR,GINI index (World Bank estimate),SI.POV.GINI,2010,27.72
Belarus,BLR,GINI index (World Bank estimate),SI.POV.GINI,2011,26.46
Belarus,BLR,GINI index (World Bank estimate),SI.POV.GINI,2012,26.01
Belize,BLZ,GINI index (World Bank estimate),SI.POV.GINI,1993,60.25
Belize,BLZ,GINI index (World Bank estimate),SI.POV.GINI,1994,60.91
Belize,BLZ,GINI index (World Bank estimate),SI.POV.GINI,1995,57.55
Belize,BLZ,GINI index (World Bank estimate),SI.POV.GINI,1996,56.59
Belize,BLZ,GINI index (World Bank estimate),SI.POV.GINI,1997,60.43
Belize,BLZ,GINI index (World Bank estimate),SI.POV.GINI,1998,54.91
Belize,BLZ,GINI index (World Bank estimate),SI.POV.GINI,1999,53.26
Bolivia,BOL,GINI index (World Bank estimate),SI.POV.GINI,1990,42.04
Bolivia,BOL,GINI index (World Bank estimate),SI.POV.GINI,1993,49.11
Bolivia,BOL,GINI index (World Bank estimate),SI.POV.GINI,1997,58.16
Bolivia,BOL,GINI index (World Bank estimate),SI.POV.GINI,1999,58.10
Bolivia,BOL,GINI index (World Bank estimate),SI.POV.GINI,2000,63.00
Bolivia,BOL,GINI index (World Bank estimate),SI.POV.GINI,2001,58.88
Bolivia,BOL,GINI index (World Bank estimate),SI.POV.GINI,2002,60.16
Bolivia,BOL,GINI index (World Bank estimate),SI.POV.GINI,2004,55.01
Bolivia,BOL,GINI index (World Bank estimate),SI.POV.GINI,2005,58.47
Bolivia,BOL,GINI index (World Bank estimate),SI.POV.GINI,2006,56.87
Bolivia,BOL,GINI index (World Bank estimate),SI.POV.GINI,2007,55.44
Bolivia,BOL,GINI index (World Bank estimate),SI.POV.GINI,2008,51.43
Bolivia,BOL,GINI index (World Bank estimate),SI.POV.GINI,2009,49.65
Bolivia,BOL,GINI index (World Bank estimate),SI.POV.GINI,2011,46.26
Bolivia,BOL,GINI index (World Bank estimate),SI.POV.GINI,2012,46.70
Bolivia,BOL,GINI index (World Bank estimate),SI.POV.GINI,2013,48.06
Brazil,BRA,GINI index (World Bank estimate),SI.POV.GINI,1981,57.93
Brazil,BRA,GINI index (World Bank estimate),SI.POV.GINI,1982,58.42
Brazil,BRA,GINI index (World Bank estimate),SI.POV.GINI,1983,58.99
Brazil,BRA,GINI index (World Bank estimate),SI.POV.GINI,1984,58.38
Brazil,BRA,GINI index (World Bank estimate),SI.POV.GINI,1985,55.59
Brazil,BRA,GINI index (World Bank estimate),SI.POV.GINI,1986,58.46
Brazil,BRA,GINI index (World Bank estimate),SI.POV.GINI,1987,59.69
Brazil,BRA,GINI index (World Bank estimate),SI.POV.GINI,1988,61.43
Brazil,BRA,GINI index (World Bank estimate),SI.POV.GINI,1989,63.30
Brazil,BRA,GINI index (World Bank estimate),SI.POV.GINI,1990,60.49
Brazil,BRA,GINI index (World Bank estimate),SI.POV.GINI,1992,53.17
Brazil,BRA,GINI index (World Bank estimate),SI.POV.GINI,1993,60.12
Brazil,BRA,GINI index (World Bank estimate),SI.POV.GINI,1995,59.57
Brazil,BRA,GINI index (World Bank estimate),SI.POV.GINI,1996,59.89
Brazil,BRA,GINI index (World Bank estimate),SI.POV.GINI,1997,59.80
Brazil,BRA,GINI index (World Bank estimate),SI.POV.GINI,1998,59.61
Brazil,BRA,GINI index (World Bank estimate),SI.POV.GINI,1999,58.99
Brazil,BRA,GINI index (World Bank estimate),SI.POV.GINI,2001,59.33
Brazil,BRA,GINI index (World Bank estimate),SI.POV.GINI,2002,58.62
Brazil,BRA,GINI index (World Bank estimate),SI.POV.GINI,2003,58.01
Brazil,BRA,GINI index (World Bank estimate),SI.POV.GINI,2004,56.88
Brazil,BRA,GINI index (World Bank estimate),SI.POV.GINI,2005,56.64
Brazil,BRA,GINI index (World Bank estimate),SI.POV.GINI,2006,55.93
Brazil,BRA,GINI index (World Bank estimate),SI.POV.GINI,2007,55.23
Brazil,BRA,GINI index (World Bank estimate),SI.POV.GINI,2008,54.37
Brazil,BRA,GINI index (World Bank estimate),SI.POV.GINI,2009,53.87
Brazil,BRA,GINI index (World Bank estimate),SI.POV.GINI,2011,53.10
Brazil,BRA,GINI index (World Bank estimate),SI.POV.GINI,2012,52.67
Brazil,BRA,GINI index (World Bank estimate),SI.POV.GINI,2013,52.87
Bhutan,BTN,GINI index (World Bank estimate),SI.POV.GINI,2003,69.47
Bhutan,BTN,GINI index (World Bank estimate),SI.POV.GINI,2007,38.09
Bhutan,BTN,GINI index (World Bank estimate),SI.POV.GINI,2012,38.65
Botswana,BWA,GINI index (World Bank estimate),SI.POV.GINI,1985,54.21
Botswana,BWA,GINI index (World Bank estimate),SI.POV.GINI,1993,60.79
Botswana,BWA,GINI index (World Bank estimate),SI.POV.GINI,2002,64.73
Botswana,BWA,GINI index (World Bank estimate),SI.POV.GINI,2009,60.46
Central African Republic,CAF,GINI index (World Bank estimate),SI.POV.GINI,1992,61.33
Central African Republic,CAF,GINI index (World Bank estimate),SI.POV.GINI,2003,43.61
Central African Republic,CAF,GINI index (World Bank estimate),SI.POV.GINI,2008,56.24
Canada,CAN,GINI index (World Bank estimate),SI.POV.GINI,1981,32.60
Canada,CAN,GINI index (World Bank estimate),SI.POV.GINI,1987,31.60
Canada,CAN,GINI index (World Bank estimate),SI.POV.GINI,1991,31.15
Canada,CAN,GINI index (World Bank estimate),SI.POV.GINI,1994,31.39
Canada,CAN,GINI index (World Bank estimate),SI.POV.GINI,1997,31.77
Canada,CAN,GINI index (World Bank estimate),SI.POV.GINI,1998,33.59
Canada,CAN,GINI index (World Bank estimate),SI.POV.GINI,2000,33.65
Canada,CAN,GINI index (World Bank estimate),SI.POV.GINI,2004,33.88
Canada,CAN,GINI index (World Bank estimate),SI.POV.GINI,2007,33.90
Canada,CAN,GINI index (World Bank estimate),SI.POV.GINI,2010,33.68
Switzerland,CHE,GINI index (World Bank estimate),SI.POV.GINI,2007,34.47
Switzerland,CHE,GINI index (World Bank estimate),SI.POV.GINI,2008,33.96
Switzerland,CHE,GINI index (World Bank estimate),SI.POV.GINI,2009,32.96
Switzerland,CHE,GINI index (World Bank estimate),SI.POV.GINI,2010,32.72
Switzerland,CHE,GINI index (World Bank estimate),SI.POV.GINI,2011,31.83
Switzerland,CHE,GINI index (World Bank estimate),SI.POV.GINI,2012,31.64
Chile,CHL,GINI index (World Bank estimate),SI.POV.GINI,1987,56.21
Chile,CHL,GINI index (World Bank estimate),SI.POV.GINI,1990,57.25
Chile,CHL,GINI index (World Bank estimate),SI.POV.GINI,1992,54.81
Chile,CHL,GINI index (World Bank estimate),SI.POV.GINI,1994,56.43
Chile,CHL,GINI index (World Bank estimate),SI.POV.GINI,1996,54.87
Chile,CHL,GINI index (World Bank estimate),SI.POV.GINI,1998,55.52
Chile,CHL,GINI index (World Bank estimate),SI.POV.GINI,2000,55.25
Chile,CHL,GINI index (World Bank estimate),SI.POV.GINI,2003,54.74
Chile,CHL,GINI index (World Bank estimate),SI.POV.GINI,2006,51.79
Chile,CHL,GINI index (World Bank estimate),SI.POV.GINI,2009,52.00
Chile,CHL,GINI index (World Bank estimate),SI.POV.GINI,2011,50.84
Chile,CHL,GINI index (World Bank estimate),SI.POV.GINI,2013,50.45
China,CHN,GINI index (World Bank estimate),SI.POV.GINI,1981,29.11
China,CHN,GINI index (World Bank estimate),SI.POV.GINI,1984,27.69
China,CHN,GINI index (World Bank estimate),SI.POV.GINI,1987,29.85
China,CHN,GINI index (World Bank estimate),SI.POV.GINI,1990,32.43
China,CHN,GINI index (World Bank estimate),SI.POV.GINI,1993,35.50
China,CHN,GINI index (World Bank estimate),SI.POV.GINI,1996,35.70
China,CHN,GINI index (World Bank estimate),SI.POV.GINI,1999,39.23
China,CHN,GINI index (World Bank estimate),SI.POV.GINI,2002,42.59
China,CHN,GINI index (World Bank estimate),SI.POV.GINI,2005,42.48
China,CHN,GINI index (World Bank estimate),SI.POV.GINI,2008,42.63
China,CHN,GINI index (World Bank estimate),SI.POV.GINI,2010,42.06
Cote d'Ivoire,CIV,GINI index (World Bank estimate),SI.POV.GINI,1985,45.53
Cote d'Ivoire,CIV,GINI index (World Bank estimate),SI.POV.GINI,1986,37.97
Cote d'Ivoire,CIV,GINI index (World Bank estimate),SI.POV.GINI,1987,40.51
Cote d'Ivoire,CIV,GINI index (World Bank estimate),SI.POV.GINI,1988,36.89
Cote d'Ivoire,CIV,GINI index (World Bank estimate),SI.POV.GINI,1992,39.39
Cote d'Ivoire,CIV,GINI index (World Bank estimate),SI.POV.GINI,1993,39.35
Cote d'Ivoire,CIV,GINI index (World Bank estimate),SI.POV.GINI,1995,40.56
Cote d'Ivoire,CIV,GINI index (World Bank estimate),SI.POV.GINI,1998,38.96
Cote d'Ivoire,CIV,GINI index (World Bank estimate),SI.POV.GINI,2002,41.34
Cote d'Ivoire,CIV,GINI index (World Bank estimate),SI.POV.GINI,2008,43.18
Cameroon,CMR,GINI index (World Bank estimate),SI.POV.GINI,1996,44.45
Cameroon,CMR,GINI index (World Bank estimate),SI.POV.GINI,2001,42.14
Cameroon,CMR,GINI index (World Bank estimate),SI.POV.GINI,2007,42.82
"Congo, Rep.",COG,GINI index (World Bank estimate),SI.POV.GINI,2005,47.33
"Congo, Rep.",COG,GINI index (World Bank estimate),SI.POV.GINI,2011,40.16
Colombia,COL,GINI index (World Bank estimate),SI.POV.GINI,1988,53.11
Colombia,COL,GINI index (World Bank estimate),SI.POV.GINI,1989,53.59
Colombia,COL,GINI index (World Bank estimate),SI.POV.GINI,1991,51.32
Colombia,COL,GINI index (World Bank estimate),SI.POV.GINI,1992,51.45
Colombia,COL,GINI index (World Bank estimate),SI.POV.GINI,1996,56.93
Colombia,COL,GINI index (World Bank estimate),SI.POV.GINI,1999,58.74
Colombia,COL,GINI index (World Bank estimate),SI.POV.GINI,2000,58.68
Colombia,COL,GINI index (World Bank estimate),SI.POV.GINI,2001,57.76
Colombia,COL,GINI index (World Bank estimate),SI.POV.GINI,2002,58.26
Colombia,COL,GINI index (World Bank estimate),SI.POV.GINI,2003,54.41
Colombia,COL,GINI index (World Bank estimate),SI.POV.GINI,2004,56.11
Colombia,COL,GINI index (World Bank estimate),SI.POV.GINI,2005,55.04
Colombia,COL,GINI index (World Bank estimate),SI.POV.GINI,2006,60.08
Colombia,COL,GINI index (World Bank estimate),SI.POV.GINI,2007,59.37
Colombia,COL,GINI index (World Bank estimate),SI.POV.GINI,2008,56.04
Colombia,COL,GINI index (World Bank estimate),SI.POV.GINI,2009,55.92
Colombia,COL,GINI index (World Bank estimate),SI.POV.GINI,2010,55.50
Colombia,COL,GINI index (World Bank estimate),SI.POV.GINI,2011,54.18
Colombia,COL,GINI index (World Bank estimate),SI.POV.GINI,2012,53.54
Colombia,COL,GINI index (World Bank estimate),SI.POV.GINI,2013,53.49
Comoros,COM,GINI index (World Bank estimate),SI.POV.GINI,2004,55.93
Cabo Verde,CPV,GINI index (World Bank estimate),SI.POV.GINI,2001,52.50
Cabo Verde,CPV,GINI index (World Bank estimate),SI.POV.GINI,2007,47.19
Costa Rica,CRI,GINI index (World Bank estimate),SI.POV.GINI,1981,47.49
Costa Rica,CRI,GINI index (World Bank estimate),SI.POV.GINI,1986,34.42
Costa Rica,CRI,GINI index (World Bank estimate),SI.POV.GINI,1989,46.69
Costa Rica,CRI,GINI index (World Bank estimate),SI.POV.GINI,1990,45.30
Costa Rica,CRI,GINI index (World Bank estimate),SI.POV.GINI,1991,46.65
Costa Rica,CRI,GINI index (World Bank estimate),SI.POV.GINI,1992,45.71
Costa Rica,CRI,GINI index (World Bank estimate),SI.POV.GINI,1993,46.00
Costa Rica,CRI,GINI index (World Bank estimate),SI.POV.GINI,1994,46.75
Costa Rica,CRI,GINI index (World Bank estimate),SI.POV.GINI,1995,45.71
Costa Rica,CRI,GINI index (World Bank estimate),SI.POV.GINI,1996,46.54
Costa Rica,CRI,GINI index (World Bank estimate),SI.POV.GINI,1997,45.62
Costa Rica,CRI,GINI index (World Bank estimate),SI.POV.GINI,1998,45.67
Costa Rica,CRI,GINI index (World Bank estimate),SI.POV.GINI,1999,47.67
Costa Rica,CRI,GINI index (World Bank estimate),SI.POV.GINI,2000,47.44
Costa Rica,CRI,GINI index (World Bank estimate),SI.POV.GINI,2001,51.10
Costa Rica,CRI,GINI index (World Bank estimate),SI.POV.GINI,2002,50.89
Costa Rica,CRI,GINI index (World Bank estimate),SI.POV.GINI,2003,49.93
Costa Rica,CRI,GINI index (World Bank estimate),SI.POV.GINI,2004,48.92
Costa Rica,CRI,GINI index (World Bank estimate),SI.POV.GINI,2005,47.77
Costa Rica,CRI,GINI index (World Bank estimate),SI.POV.GINI,2006,49.31
Costa Rica,CRI,GINI index (World Bank estimate),SI.POV.GINI,2007,49.49
Costa Rica,CRI,GINI index (World Bank estimate),SI.POV.GINI,2008,49.14
Costa Rica,CRI,GINI index (World Bank estimate),SI.POV.GINI,2009,50.97
Costa Rica,CRI,GINI index (World Bank estimate),SI.POV.GINI,2010,48.10
Costa Rica,CRI,GINI index (World Bank estimate),SI.POV.GINI,2011,48.60
Costa Rica,CRI,GINI index (World Bank estimate),SI.POV.GINI,2012,48.61
Costa Rica,CRI,GINI index (World Bank estimate),SI.POV.GINI,2013,49.18
Cyprus,CYP,GINI index (World Bank estimate),SI.POV.GINI,2004,30.09
Cyprus,CYP,GINI index (World Bank estimate),SI.POV.GINI,2005,30.26
Cyprus,CYP,GINI index (World Bank estimate),SI.POV.GINI,2006,31.13
Cyprus,CYP,GINI index (World Bank estimate),SI.POV.GINI,2007,31.11
Cyprus,CYP,GINI index (World Bank estimate),SI.POV.GINI,2008,31.71
Cyprus,CYP,GINI index (World Bank estimate),SI.POV.GINI,2009,32.11
Cyprus,CYP,GINI index (World Bank estimate),SI.POV.GINI,2010,31.46
Cyprus,CYP,GINI index (World Bank estimate),SI.POV.GINI,2011,32.63
Cyprus,CYP,GINI index (World Bank estimate),SI.POV.GINI,2012,34.31
Czech Republic,CZE,GINI index (World Bank estimate),SI.POV.GINI,1988,19.40
Czech Republic,CZE,GINI index (World Bank estimate),SI.POV.GINI,1993,26.60
Czech Republic,CZE,GINI index (World Bank estimate),SI.POV.GINI,1996,25.82
Czech Republic,CZE,GINI index (World Bank estimate),SI.POV.GINI,2004,27.53
Czech Republic,CZE,GINI index (World Bank estimate),SI.POV.GINI,2005,26.95
Czech Republic,CZE,GINI index (World Bank estimate),SI.POV.GINI,2006,26.74
Czech Republic,CZE,GINI index (World Bank estimate),SI.POV.GINI,2007,26.00
Czech Republic,CZE,GINI index (World Bank estimate),SI.POV.GINI,2008,26.29
Czech Republic,CZE,GINI index (World Bank estimate),SI.POV.GINI,2009,26.18
Czech Republic,CZE,GINI index (World Bank estimate),SI.POV.GINI,2010,26.63
Czech Republic,CZE,GINI index (World Bank estimate),SI.POV.GINI,2011,26.39
Czech Republic,CZE,GINI index (World Bank estimate),SI.POV.GINI,2012,26.13
Germany,DEU,GINI index (World Bank estimate),SI.POV.GINI,2006,32.78
Germany,DEU,GINI index (World Bank estimate),SI.POV.GINI,2007,32.40
Germany,DEU,GINI index (World Bank estimate),SI.POV.GINI,2008,31.29
Germany,DEU,GINI index (World Bank estimate),SI.POV.GINI,2009,31.51
Germany,DEU,GINI index (World Bank estimate),SI.POV.GINI,2010,31.14
Germany,DEU,GINI index (World Bank estimate),SI.POV.GINI,2011,30.13
Djibouti,DJI,GINI index (World Bank estimate),SI.POV.GINI,2002,40.00
Djibouti,DJI,GINI index (World Bank estimate),SI.POV.GINI,2012,45.13
Denmark,DNK,GINI index (World Bank estimate),SI.POV.GINI,2004,25.89
Denmark,DNK,GINI index (World Bank estimate),SI.POV.GINI,2005,25.94
Denmark,DNK,GINI index (World Bank estimate),SI.POV.GINI,2006,27.08
Denmark,DNK,GINI index (World Bank estimate),SI.POV.GINI,2007,26.85
Denmark,DNK,GINI index (World Bank estimate),SI.POV.GINI,2008,28.89
Denmark,DNK,GINI index (World Bank estimate),SI.POV.GINI,2009,28.84
Denmark,DNK,GINI index (World Bank estimate),SI.POV.GINI,2010,29.02
Denmark,DNK,GINI index (World Bank estimate),SI.POV.GINI,2011,29.54
Denmark,DNK,GINI index (World Bank estimate),SI.POV.GINI,2012,29.08
Dominican Republic,DOM,GINI index (World Bank estimate),SI.POV.GINI,1986,47.78
Dominican Republic,DOM,GINI index (World Bank estimate),SI.POV.GINI,1989,50.46
Dominican Republic,DOM,GINI index (World Bank estimate),SI.POV.GINI,1992,51.36
Dominican Republic,DOM,GINI index (World Bank estimate),SI.POV.GINI,1996,47.43
Dominican Republic,DOM,GINI index (World Bank estimate),SI.POV.GINI,1997,48.92
Dominican Republic,DOM,GINI index (World Bank estimate),SI.POV.GINI,2000,52.01
Dominican Republic,DOM,GINI index (World Bank estimate),SI.POV.GINI,2001,50.43
Dominican Republic,DOM,GINI index (World Bank estimate),SI.POV.GINI,2002,50.12
Dominican Republic,DOM,GINI index (World Bank estimate),SI.POV.GINI,2003,52.09
Dominican Republic,DOM,GINI index (World Bank estimate),SI.POV.GINI,2004,51.95
Dominican Republic,DOM,GINI index (World Bank estimate),SI.POV.GINI,2005,49.96
Dominican Republic,DOM,GINI index (World Bank estimate),SI.POV.GINI,2006,51.90
Dominican Republic,DOM,GINI index (World Bank estimate),SI.POV.GINI,2007,48.69
Dominican Republic,DOM,GINI index (World Bank estimate),SI.POV.GINI,2008,49.00
Dominican Republic,DOM,GINI index (World Bank estimate),SI.POV.GINI,2009,48.86
Dominican Republic,DOM,GINI index (World Bank estimate),SI.POV.GINI,2010,47.20
Dominican Republic,DOM,GINI index (World Bank estimate),SI.POV.GINI,2011,47.40
Dominican Republic,DOM,GINI index (World Bank estimate),SI.POV.GINI,2012,45.68
Dominican Republic,DOM,GINI index (World Bank estimate),SI.POV.GINI,2013,47.07
Algeria,DZA,GINI index (World Bank estimate),SI.POV.GINI,1995,35.33
Ecuador,ECU,GINI index (World Bank estimate),SI.POV.GINI,1987,50.49
Ecuador,ECU,GINI index (World Bank estimate),SI.POV.GINI,1994,53.37
Ecuador,ECU,GINI index (World Bank estimate),SI.POV.GINI,1995,50.97
Ecuador,ECU,GINI index (World Bank estimate),SI.POV.GINI,1998,49.66
Ecuador,ECU,GINI index (World Bank estimate),SI.POV.GINI,1999,58.60
Ecuador,ECU,GINI index (World Bank estimate),SI.POV.GINI,2000,56.38
Ecuador,ECU,GINI index (World Bank estimate),SI.POV.GINI,2003,54.99
Ecuador,ECU,GINI index (World Bank estimate),SI.POV.GINI,2004,54.12
Ecuador,ECU,GINI index (World Bank estimate),SI.POV.GINI,2005,54.12
Ecuador,ECU,GINI index (World Bank estimate),SI.POV.GINI,2006,53.20
Ecuador,ECU,GINI index (World Bank estimate),SI.POV.GINI,2007,54.33
Ecuador,ECU,GINI index (World Bank estimate),SI.POV.GINI,2008,50.61
Ecuador,ECU,GINI index (World Bank estimate),SI.POV.GINI,2009,49.28
Ecuador,ECU,GINI index (World Bank estimate),SI.POV.GINI,2010,49.25
Ecuador,ECU,GINI index (World Bank estimate),SI.POV.GINI,2011,46.21
Ecuador,ECU,GINI index (World Bank estimate),SI.POV.GINI,2012,46.57
Ecuador,ECU,GINI index (World Bank estimate),SI.POV.GINI,2013,47.29
"Egypt, Arab Rep.",EGY,GINI index (World Bank estimate),SI.POV.GINI,2008,30.75
Spain,ESP,GINI index (World Bank estimate),SI.POV.GINI,2004,33.38
Spain,ESP,GINI index (World Bank estimate),SI.POV.GINI,2005,32.50
Spain,ESP,GINI index (World Bank estimate),SI.POV.GINI,2006,32.67
Spain,ESP,GINI index (World Bank estimate),SI.POV.GINI,2007,33.86
Spain,ESP,GINI index (World Bank estimate),SI.POV.GINI,2008,34.80
Spain,ESP,GINI index (World Bank estimate),SI.POV.GINI,2009,35.39
Spain,ESP,GINI index (World Bank estimate),SI.POV.GINI,2010,35.79
Spain,ESP,GINI index (World Bank estimate),SI.POV.GINI,2011,36.10
Spain,ESP,GINI index (World Bank estimate),SI.POV.GINI,2012,35.89
Estonia,EST,GINI index (World Bank estimate),SI.POV.GINI,1988,22.97
Estonia,EST,GINI index (World Bank estimate),SI.POV.GINI,1993,39.50
Estonia,EST,GINI index (World Bank estimate),SI.POV.GINI,1995,30.06
Estonia,EST,GINI index (World Bank estimate),SI.POV.GINI,1998,37.64
Estonia,EST,GINI index (World Bank estimate),SI.POV.GINI,2000,35.78
Estonia,EST,GINI index (World Bank estimate),SI.POV.GINI,2001,36.01
Estonia,EST,GINI index (World Bank estimate),SI.POV.GINI,2002,35.79
Estonia,EST,GINI index (World Bank estimate),SI.POV.GINI,2003,34.91
Estonia,EST,GINI index (World Bank estimate),SI.POV.GINI,2004,35.38
Estonia,EST,GINI index (World Bank estimate),SI.POV.GINI,2005,33.63
Estonia,EST,GINI index (World Bank estimate),SI.POV.GINI,2006,33.75
Estonia,EST,GINI index (World Bank estimate),SI.POV.GINI,2007,31.25
Estonia,EST,GINI index (World Bank estimate),SI.POV.GINI,2008,32.00
Estonia,EST,GINI index (World Bank estimate),SI.POV.GINI,2009,31.59
Estonia,EST,GINI index (World Bank estimate),SI.POV.GINI,2010,32.16
Estonia,EST,GINI index (World Bank estimate),SI.POV.GINI,2011,32.69
Estonia,EST,GINI index (World Bank estimate),SI.POV.GINI,2012,33.15
Ethiopia,ETH,GINI index (World Bank estimate),SI.POV.GINI,1981,32.42
Ethiopia,ETH,GINI index (World Bank estimate),SI.POV.GINI,1995,44.56
Ethiopia,ETH,GINI index (World Bank estimate),SI.POV.GINI,1999,29.98
Ethiopia,ETH,GINI index (World Bank estimate),SI.POV.GINI,2004,29.81
Ethiopia,ETH,GINI index (World Bank estimate),SI.POV.GINI,2010,33.17
Finland,FIN,GINI index (World Bank estimate),SI.POV.GINI,2004,27.92
Finland,FIN,GINI index (World Bank estimate),SI.POV.GINI,2005,27.64
Finland,FIN,GINI index (World Bank estimate),SI.POV.GINI,2006,28.02
Finland,FIN,GINI index (World Bank estimate),SI.POV.GINI,2007,28.29
Finland,FIN,GINI index (World Bank estimate),SI.POV.GINI,2008,27.85
Finland,FIN,GINI index (World Bank estimate),SI.POV.GINI,2009,27.47
Finland,FIN,GINI index (World Bank estimate),SI.POV.GINI,2010,27.74
Finland,FIN,GINI index (World Bank estimate),SI.POV.GINI,2011,27.66
Finland,FIN,GINI index (World Bank estimate),SI.POV.GINI,2012,27.12
Fiji,FJI,GINI index (World Bank estimate),SI.POV.GINI,2002,39.62
Fiji,FJI,GINI index (World Bank estimate),SI.POV.GINI,2008,42.78
France,FRA,GINI index (World Bank estimate),SI.POV.GINI,2004,30.80
France,FRA,GINI index (World Bank estimate),SI.POV.GINI,2005,29.93
France,FRA,GINI index (World Bank estimate),SI.POV.GINI,2006,29.92
France,FRA,GINI index (World Bank estimate),SI.POV.GINI,2007,32.63
France,FRA,GINI index (World Bank estimate),SI.POV.GINI,2008,33.08
France,FRA,GINI index (World Bank estimate),SI.POV.GINI,2010,33.78
France,FRA,GINI index (World Bank estimate),SI.POV.GINI,2011,33.35
France,FRA,GINI index (World Bank estimate),SI.POV.GINI,2012,33.10
"Micronesia, Fed. Sts.",FSM,GINI index (World Bank estimate),SI.POV.GINI,2000,61.18
Gabon,GAB,GINI index (World Bank estimate),SI.POV.GINI,2005,42.18
United Kingdom,GBR,GINI index (World Bank estimate),SI.POV.GINI,2004,36.22
United Kingdom,GBR,GINI index (World Bank estimate),SI.POV.GINI,2005,34.56
United Kingdom,GBR,GINI index (World Bank estimate),SI.POV.GINI,2006,34.84
United Kingdom,GBR,GINI index (World Bank estimate),SI.POV.GINI,2007,35.93
United Kingdom,GBR,GINI index (World Bank estimate),SI.POV.GINI,2008,34.37
United Kingdom,GBR,GINI index (World Bank estimate),SI.POV.GINI,2009,34.67
United Kingdom,GBR,GINI index (World Bank estimate),SI.POV.GINI,2010,34.81
United Kingdom,GBR,GINI index (World Bank estimate),SI.POV.GINI,2011,33.71
United Kingdom,GBR,GINI index (World Bank estimate),SI.POV.GINI,2012,32.57
Georgia,GEO,GINI index (World Bank estimate),SI.POV.GINI,1996,37.13
Georgia,GEO,GINI index (World Bank estimate),SI.POV.GINI,1997,41.95
Georgia,GEO,GINI index (World Bank estimate),SI.POV.GINI,1998,41.25
Georgia,GEO,GINI index (World Bank estimate),SI.POV.GINI,1999,40.15
Georgia,GEO,GINI index (World Bank estimate),SI.POV.GINI,2000,40.48
Georgia,GEO,GINI index (World Bank estimate),SI.POV.GINI,2001,39.57
Georgia,GEO,GINI index (World Bank estimate),SI.POV.GINI,2002,39.63
Georgia,GEO,GINI index (World Bank estimate),SI.POV.GINI,2003,39.53
Georgia,GEO,GINI index (World Bank estimate),SI.POV.GINI,2004,39.78
Georgia,GEO,GINI index (World Bank estimate),SI.POV.GINI,2005,40.34
Georgia,GEO,GINI index (World Bank estimate),SI.POV.GINI,2006,40.09
Georgia,GEO,GINI index (World Bank estimate),SI.POV.GINI,2007,40.60
Georgia,GEO,GINI index (World Bank estimate),SI.POV.GINI,2008,40.57
Georgia,GEO,GINI index (World Bank estimate),SI.POV.GINI,2009,41.74
Georgia,GEO,GINI index (World Bank estimate),SI.POV.GINI,2010,42.13
Georgia,GEO,GINI index (World Bank estimate),SI.POV.GINI,2011,41.58
Georgia,GEO,GINI index (World Bank estimate),SI.POV.GINI,2012,41.35
Georgia,GEO,GINI index (World Bank estimate),SI.POV.GINI,2013,40.03
Ghana,GHA,GINI index (World Bank estimate),SI.POV.GINI,1987,35.35
Ghana,GHA,GINI index (World Bank estimate),SI.POV.GINI,1988,35.99
Ghana,GHA,GINI index (World Bank estimate),SI.POV.GINI,1991,38.44
Ghana,GHA,GINI index (World Bank estimate),SI.POV.GINI,1998,40.07
Ghana,GHA,GINI index (World Bank estimate),SI.POV.GINI,2005,42.77
Guinea,GIN,GINI index (World Bank estimate),SI.POV.GINI,1991,46.84
Guinea,GIN,GINI index (World Bank estimate),SI.POV.GINI,1994,46.08
Guinea,GIN,GINI index (World Bank estimate),SI.POV.GINI,2002,43.00
Guinea,GIN,GINI index (World Bank estimate),SI.POV.GINI,2007,39.36
Guinea,GIN,GINI index (World Bank estimate),SI.POV.GINI,2012,33.73
"Gambia, The",GMB,GINI index (World Bank estimate),SI.POV.GINI,1998,47.56
"Gambia, The",GMB,GINI index (World Bank estimate),SI.POV.GINI,2003,47.33
Guinea-Bissau,GNB,GINI index (World Bank estimate),SI.POV.GINI,1993,43.61
Guinea-Bissau,GNB,GINI index (World Bank estimate),SI.POV.GINI,2002,35.57
Guinea-Bissau,GNB,GINI index (World Bank estimate),SI.POV.GINI,2010,50.66
Greece,GRC,GINI index (World Bank estimate),SI.POV.GINI,2004,33.97
Greece,GRC,GINI index (World Bank estimate),SI.POV.GINI,2005,35.10
Greece,GRC,GINI index (World Bank estimate),SI.POV.GINI,2006,35.41
Greece,GRC,GINI index (World Bank estimate),SI.POV.GINI,2007,34.61
Greece,GRC,GINI index (World Bank estimate),SI.POV.GINI,2008,34.22
Greece,GRC,GINI index (World Bank estimate),SI.POV.GINI,2009,33.82
Greece,GRC,GINI index (World Bank estimate),SI.POV.GINI,2010,34.48
Greece,GRC,GINI index (World Bank estimate),SI.POV.GINI,2011,35.69
Greece,GRC,GINI index (World Bank estimate),SI.POV.GINI,2012,36.68
Guatemala,GTM,GINI index (World Bank estimate),SI.POV.GINI,1986,58.26
Guatemala,GTM,GINI index (World Bank estimate),SI.POV.GINI,1989,59.60
Guatemala,GTM,GINI index (World Bank estimate),SI.POV.GINI,2000,54.84
Guatemala,GTM,GINI index (World Bank estimate),SI.POV.GINI,2002,56.94
Guatemala,GTM,GINI index (World Bank estimate),SI.POV.GINI,2003,54.10
Guatemala,GTM,GINI index (World Bank estimate),SI.POV.GINI,2004,50.73
Guatemala,GTM,GINI index (World Bank estimate),SI.POV.GINI,2006,54.89
Guatemala,GTM,GINI index (World Bank estimate),SI.POV.GINI,2011,52.35
Guyana,GUY,GINI index (World Bank estimate),SI.POV.GINI,1998,44.55
Honduras,HND,GINI index (World Bank estimate),SI.POV.GINI,1986,55.09
Honduras,HND,GINI index (World Bank estimate),SI.POV.GINI,1989,59.49
Honduras,HND,GINI index (World Bank estimate),SI.POV.GINI,1990,57.36
Honduras,HND,GINI index (World Bank estimate),SI.POV.GINI,1991,51.85
Honduras,HND,GINI index (World Bank estimate),SI.POV.GINI,1992,51.83
Honduras,HND,GINI index (World Bank estimate),SI.POV.GINI,1993,53.47
Honduras,HND,GINI index (World Bank estimate),SI.POV.GINI,1994,55.01
Honduras,HND,GINI index (World Bank estimate),SI.POV.GINI,1995,55.49
Honduras,HND,GINI index (World Bank estimate),SI.POV.GINI,1996,55.72
Honduras,HND,GINI index (World Bank estimate),SI.POV.GINI,1997,52.73
Honduras,HND,GINI index (World Bank estimate),SI.POV.GINI,1998,57.43
Honduras,HND,GINI index (World Bank estimate),SI.POV.GINI,1999,55.35
Honduras,HND,GINI index (World Bank estimate),SI.POV.GINI,2001,54.08
Honduras,HND,GINI index (World Bank estimate),SI.POV.GINI,2002,58.78
Honduras,HND,GINI index (World Bank estimate),SI.POV.GINI,2003,58.66
Honduras,HND,GINI index (World Bank estimate),SI.POV.GINI,2004,58.41
Honduras,HND,GINI index (World Bank estimate),SI.POV.GINI,2005,59.51
Honduras,HND,GINI index (World Bank estimate),SI.POV.GINI,2006,57.42
Honduras,HND,GINI index (World Bank estimate),SI.POV.GINI,2007,56.16
Honduras,HND,GINI index (World Bank estimate),SI.POV.GINI,2008,55.74
Honduras,HND,GINI index (World Bank estimate),SI.POV.GINI,2009,51.56
Honduras,HND,GINI index (World Bank estimate),SI.POV.GINI,2010,53.39
Honduras,HND,GINI index (World Bank estimate),SI.POV.GINI,2011,57.40
Honduras,HND,GINI index (World Bank estimate),SI.POV.GINI,2012,57.40
Honduras,HND,GINI index (World Bank estimate),SI.POV.GINI,2013,53.67
Croatia,HRV,GINI index (World Bank estimate),SI.POV.GINI,1988,22.78
Croatia,HRV,GINI index (World Bank estimate),SI.POV.GINI,1998,28.75
Croatia,HRV,GINI index (World Bank estimate),SI.POV.GINI,1999,27.71
Croatia,HRV,GINI index (World Bank estimate),SI.POV.GINI,2000,31.33
Croatia,HRV,GINI index (World Bank estimate),SI.POV.GINI,2001,31.10
Croatia,HRV,GINI index (World Bank estimate),SI.POV.GINI,2004,29.68
Croatia,HRV,GINI index (World Bank estimate),SI.POV.GINI,2008,33.71
Croatia,HRV,GINI index (World Bank estimate),SI.POV.GINI,2009,33.18
Croatia,HRV,GINI index (World Bank estimate),SI.POV.GINI,2010,27.35
Croatia,HRV,GINI index (World Bank estimate),SI.POV.GINI,2011,31.98
Haiti,HTI,GINI index (World Bank estimate),SI.POV.GINI,2001,59.48
Haiti,HTI,GINI index (World Bank estimate),SI.POV.GINI,2012,60.79
Hungary,HUN,GINI index (World Bank estimate),SI.POV.GINI,1987,20.96
Hungary,HUN,GINI index (World Bank estimate),SI.POV.GINI,1989,25.05
Hungary,HUN,GINI index (World Bank estimate),SI.POV.GINI,1993,27.94
Hungary,HUN,GINI index (World Bank estimate),SI.POV.GINI,1998,26.38
Hungary,HUN,GINI index (World Bank estimate),SI.POV.GINI,1999,27.64
Hungary,HUN,GINI index (World Bank estimate),SI.POV.GINI,2000,27.22
Hungary,HUN,GINI index (World Bank estimate),SI.POV.GINI,2001,26.92
Hungary,HUN,GINI index (World Bank estimate),SI.POV.GINI,2002,26.84
Hungary,HUN,GINI index (World Bank estimate),SI.POV.GINI,2003,30.93
Hungary,HUN,GINI index (World Bank estimate),SI.POV.GINI,2004,30.02
Hungary,HUN,GINI index (World Bank estimate),SI.POV.GINI,2005,30.19
Hungary,HUN,GINI index (World Bank estimate),SI.POV.GINI,2006,28.30
Hungary,HUN,GINI index (World Bank estimate),SI.POV.GINI,2007,31.16
Hungary,HUN,GINI index (World Bank estimate),SI.POV.GINI,2008,27.53
Hungary,HUN,GINI index (World Bank estimate),SI.POV.GINI,2009,26.97
Hungary,HUN,GINI index (World Bank estimate),SI.POV.GINI,2010,29.37
Hungary,HUN,GINI index (World Bank estimate),SI.POV.GINI,2011,28.94
Hungary,HUN,GINI index (World Bank estimate),SI.POV.GINI,2012,30.55
Indonesia,IDN,GINI index (World Bank estimate),SI.POV.GINI,1984,30.47
Indonesia,IDN,GINI index (World Bank estimate),SI.POV.GINI,1987,29.27
Indonesia,IDN,GINI index (World Bank estimate),SI.POV.GINI,1990,29.19
Indonesia,IDN,GINI index (World Bank estimate),SI.POV.GINI,1993,29.31
Indonesia,IDN,GINI index (World Bank estimate),SI.POV.GINI,1996,31.33
Indonesia,IDN,GINI index (World Bank estimate),SI.POV.GINI,1999,28.99
Indonesia,IDN,GINI index (World Bank estimate),SI.POV.GINI,2002,29.74
Indonesia,IDN,GINI index (World Bank estimate),SI.POV.GINI,2005,34.01
Indonesia,IDN,GINI index (World Bank estimate),SI.POV.GINI,2008,34.11
Indonesia,IDN,GINI index (World Bank estimate),SI.POV.GINI,2010,35.57
India,IND,GINI index (World Bank estimate),SI.POV.GINI,1983,31.11
India,IND,GINI index (World Bank estimate),SI.POV.GINI,1987,31.88
India,IND,GINI index (World Bank estimate),SI.POV.GINI,1993,30.82
India,IND,GINI index (World Bank estimate),SI.POV.GINI,2004,33.38
India,IND,GINI index (World Bank estimate),SI.POV.GINI,2009,33.90
Ireland,IRL,GINI index (World Bank estimate),SI.POV.GINI,2004,33.72
Ireland,IRL,GINI index (World Bank estimate),SI.POV.GINI,2005,33.76
Ireland,IRL,GINI index (World Bank estimate),SI.POV.GINI,2006,32.73
Ireland,IRL,GINI index (World Bank estimate),SI.POV.GINI,2007,31.96
Ireland,IRL,GINI index (World Bank estimate),SI.POV.GINI,2008,30.91
Ireland,IRL,GINI index (World Bank estimate),SI.POV.GINI,2009,32.84
Ireland,IRL,GINI index (World Bank estimate),SI.POV.GINI,2010,32.30
Ireland,IRL,GINI index (World Bank estimate),SI.POV.GINI,2011,32.33
Ireland,IRL,GINI index (World Bank estimate),SI.POV.GINI,2012,32.52
"Iran, Islamic Rep.",IRN,GINI index (World Bank estimate),SI.POV.GINI,1986,47.42
"Iran, Islamic Rep.",IRN,GINI index (World Bank estimate),SI.POV.GINI,1990,43.60
"Iran, Islamic Rep.",IRN,GINI index (World Bank estimate),SI.POV.GINI,1994,43.00
"Iran, Islamic Rep.",IRN,GINI index (World Bank estimate),SI.POV.GINI,1998,44.10
"Iran, Islamic Rep.",IRN,GINI index (World Bank estimate),SI.POV.GINI,2005,38.34
"Iran, Islamic Rep.",IRN,GINI index (World Bank estimate),SI.POV.GINI,2009,42.02
"Iran, Islamic Rep.",IRN,GINI index (World Bank estimate),SI.POV.GINI,2013,37.35
Iraq,IRQ,GINI index (World Bank estimate),SI.POV.GINI,2012,29.54
Iceland,ISL,GINI index (World Bank estimate),SI.POV.GINI,2004,28.11
Iceland,ISL,GINI index (World Bank estimate),SI.POV.GINI,2005,29.38
Iceland,ISL,GINI index (World Bank estimate),SI.POV.GINI,2006,30.25
Iceland,ISL,GINI index (World Bank estimate),SI.POV.GINI,2007,29.58
Iceland,ISL,GINI index (World Bank estimate),SI.POV.GINI,2008,31.89
Iceland,ISL,GINI index (World Bank estimate),SI.POV.GINI,2009,28.74
Iceland,ISL,GINI index (World Bank estimate),SI.POV.GINI,2010,26.43
Iceland,ISL,GINI index (World Bank estimate),SI.POV.GINI,2011,27.03
Iceland,ISL,GINI index (World Bank estimate),SI.POV.GINI,2012,26.94
Israel,ISR,GINI index (World Bank estimate),SI.POV.GINI,1986,36.49
Israel,ISR,GINI index (World Bank estimate),SI.POV.GINI,1992,35.50
Israel,ISR,GINI index (World Bank estimate),SI.POV.GINI,1997,38.10
Israel,ISR,GINI index (World Bank estimate),SI.POV.GINI,2001,39.20
Israel,ISR,GINI index (World Bank estimate),SI.POV.GINI,2005,41.86
Israel,ISR,GINI index (World Bank estimate),SI.POV.GINI,2007,41.18
Israel,ISR,GINI index (World Bank estimate),SI.POV.GINI,2010,42.78
Italy,ITA,GINI index (World Bank estimate),SI.POV.GINI,2004,34.53
Italy,ITA,GINI index (World Bank estimate),SI.POV.GINI,2005,34.07
Italy,ITA,GINI index (World Bank estimate),SI.POV.GINI,2006,34.26
Italy,ITA,GINI index (World Bank estimate),SI.POV.GINI,2007,33.19
Italy,ITA,GINI index (World Bank estimate),SI.POV.GINI,2008,33.74
Italy,ITA,GINI index (World Bank estimate),SI.POV.GINI,2009,33.66
Italy,ITA,GINI index (World Bank estimate),SI.POV.GINI,2010,34.41
Italy,ITA,GINI index (World Bank estimate),SI.POV.GINI,2011,34.52
Italy,ITA,GINI index (World Bank estimate),SI.POV.GINI,2012,35.16
Jamaica,JAM,GINI index (World Bank estimate),SI.POV.GINI,1988,43.16
Jamaica,JAM,GINI index (World Bank estimate),SI.POV.GINI,1990,41.11
Jamaica,JAM,GINI index (World Bank estimate),SI.POV.GINI,1993,35.67
Jamaica,JAM,GINI index (World Bank estimate),SI.POV.GINI,1996,40.39
Jamaica,JAM,GINI index (World Bank estimate),SI.POV.GINI,1999,44.08
Jamaica,JAM,GINI index (World Bank estimate),SI.POV.GINI,2002,48.32
Jamaica,JAM,GINI index (World Bank estimate),SI.POV.GINI,2004,45.46
Jordan,JOR,GINI index (World Bank estimate),SI.POV.GINI,1986,36.06
Jordan,JOR,GINI index (World Bank estimate),SI.POV.GINI,1992,43.36
Jordan,JOR,GINI index (World Bank estimate),SI.POV.GINI,1997,36.42
Jordan,JOR,GINI index (World Bank estimate),SI.POV.GINI,2002,36.95
Jordan,JOR,GINI index (World Bank estimate),SI.POV.GINI,2006,33.86
Jordan,JOR,GINI index (World Bank estimate),SI.POV.GINI,2008,32.57
Jordan,JOR,GINI index (World Bank estimate),SI.POV.GINI,2010,33.66
Japan,JPN,GINI index (World Bank estimate),SI.POV.GINI,2008,32.11
Kazakhstan,KAZ,GINI index (World Bank estimate),SI.POV.GINI,1988,25.74
Kazakhstan,KAZ,GINI index (World Bank estimate),SI.POV.GINI,1993,32.67
Kazakhstan,KAZ,GINI index (World Bank estimate),SI.POV.GINI,1996,35.38
Kazakhstan,KAZ,GINI index (World Bank estimate),SI.POV.GINI,2001,35.29
Kazakhstan,KAZ,GINI index (World Bank estimate),SI.POV.GINI,2002,34.05
Kazakhstan,KAZ,GINI index (World Bank estimate),SI.POV.GINI,2003,33.15
Kazakhstan,KAZ,GINI index (World Bank estimate),SI.POV.GINI,2004,31.47
Kazakhstan,KAZ,GINI index (World Bank estimate),SI.POV.GINI,2005,29.65
Kazakhstan,KAZ,GINI index (World Bank estimate),SI.POV.GINI,2006,29.99
Kazakhstan,KAZ,GINI index (World Bank estimate),SI.POV.GINI,2007,28.54
Kazakhstan,KAZ,GINI index (World Bank estimate),SI.POV.GINI,2008,29.07
Kazakhstan,KAZ,GINI index (World Bank estimate),SI.POV.GINI,2009,28.79
Kazakhstan,KAZ,GINI index (World Bank estimate),SI.POV.GINI,2010,28.56
Kazakhstan,KAZ,GINI index (World Bank estimate),SI.POV.GINI,2011,27.42
Kazakhstan,KAZ,GINI index (World Bank estimate),SI.POV.GINI,2012,27.43
Kazakhstan,KAZ,GINI index (World Bank estimate),SI.POV.GINI,2013,26.35
Kenya,KEN,GINI index (World Bank estimate),SI.POV.GINI,1992,57.46
Kenya,KEN,GINI index (World Bank estimate),SI.POV.GINI,1994,43.86
Kenya,KEN,GINI index (World Bank estimate),SI.POV.GINI,1997,46.30
Kenya,KEN,GINI index (World Bank estimate),SI.POV.GINI,2005,48.51
Kyrgyz Republic,KGZ,GINI index (World Bank estimate),SI.POV.GINI,1988,26.01
Kyrgyz Republic,KGZ,GINI index (World Bank estimate),SI.POV.GINI,1993,53.70
Kyrgyz Republic,KGZ,GINI index (World Bank estimate),SI.POV.GINI,1998,46.40
Kyrgyz Republic,KGZ,GINI index (World Bank estimate),SI.POV.GINI,2000,31.03
Kyrgyz Republic,KGZ,GINI index (World Bank estimate),SI.POV.GINI,2001,30.16
Kyrgyz Republic,KGZ,GINI index (World Bank estimate),SI.POV.GINI,2002,30.30
Kyrgyz Republic,KGZ,GINI index (World Bank estimate),SI.POV.GINI,2003,28.71
Kyrgyz Republic,KGZ,GINI index (World Bank estimate),SI.POV.GINI,2004,34.77
Kyrgyz Republic,KGZ,GINI index (World Bank estimate),SI.POV.GINI,2005,38.32
Kyrgyz Republic,KGZ,GINI index (World Bank estimate),SI.POV.GINI,2006,38.40
Kyrgyz Republic,KGZ,GINI index (World Bank estimate),SI.POV.GINI,2007,33.43
Kyrgyz Republic,KGZ,GINI index (World Bank estimate),SI.POV.GINI,2008,32.06
Kyrgyz Republic,KGZ,GINI index (World Bank estimate),SI.POV.GINI,2009,29.83
Kyrgyz Republic,KGZ,GINI index (World Bank estimate),SI.POV.GINI,2010,29.89
Kyrgyz Republic,KGZ,GINI index (World Bank estimate),SI.POV.GINI,2011,27.77
Kyrgyz Republic,KGZ,GINI index (World Bank estimate),SI.POV.GINI,2012,27.37
Cambodia,KHM,GINI index (World Bank estimate),SI.POV.GINI,1994,38.15
Cambodia,KHM,GINI index (World Bank estimate),SI.POV.GINI,2004,35.46
Cambodia,KHM,GINI index (World Bank estimate),SI.POV.GINI,2007,41.14
Cambodia,KHM,GINI index (World Bank estimate),SI.POV.GINI,2008,35.10
Cambodia,KHM,GINI index (World Bank estimate),SI.POV.GINI,2009,34.65
Cambodia,KHM,GINI index (World Bank estimate),SI.POV.GINI,2010,33.44
Cambodia,KHM,GINI index (World Bank estimate),SI.POV.GINI,2011,31.70
Cambodia,KHM,GINI index (World Bank estimate),SI.POV.GINI,2012,30.76
Kiribati,KIR,GINI index (World Bank estimate),SI.POV.GINI,2006,37.61
Kosovo,KSV,GINI index (World Bank estimate),SI.POV.GINI,2003,28.95
Kosovo,KSV,GINI index (World Bank estimate),SI.POV.GINI,2005,31.24
Kosovo,KSV,GINI index (World Bank estimate),SI.POV.GINI,2006,30.32
Kosovo,KSV,GINI index (World Bank estimate),SI.POV.GINI,2009,31.78
Kosovo,KSV,GINI index (World Bank estimate),SI.POV.GINI,2010,33.25
Kosovo,KSV,GINI index (World Bank estimate),SI.POV.GINI,2011,27.83
Kosovo,KSV,GINI index (World Bank estimate),SI.POV.GINI,2012,29.40
Kosovo,KSV,GINI index (World Bank estimate),SI.POV.GINI,2013,26.71
Lao PDR,LAO,GINI index (World Bank estimate),SI.POV.GINI,1992,34.31
Lao PDR,LAO,GINI index (World Bank estimate),SI.POV.GINI,1997,34.90
Lao PDR,LAO,GINI index (World Bank estimate),SI.POV.GINI,2002,34.66
Lao PDR,LAO,GINI index (World Bank estimate),SI.POV.GINI,2007,36.64
Lao PDR,LAO,GINI index (World Bank estimate),SI.POV.GINI,2012,37.89
Liberia,LBR,GINI index (World Bank estimate),SI.POV.GINI,2007,36.48
St. Lucia,LCA,GINI index (World Bank estimate),SI.POV.GINI,1995,42.58
Sri Lanka,LKA,GINI index (World Bank estimate),SI.POV.GINI,1985,32.47
Sri Lanka,LKA,GINI index (World Bank estimate),SI.POV.GINI,1990,32.45
Sri Lanka,LKA,GINI index (World Bank estimate),SI.POV.GINI,1995,35.40
Sri Lanka,LKA,GINI index (World Bank estimate),SI.POV.GINI,2002,40.72
Sri Lanka,LKA,GINI index (World Bank estimate),SI.POV.GINI,2006,39.97
Sri Lanka,LKA,GINI index (World Bank estimate),SI.POV.GINI,2009,36.20
Sri Lanka,LKA,GINI index (World Bank estimate),SI.POV.GINI,2012,38.58
Lesotho,LSO,GINI index (World Bank estimate),SI.POV.GINI,1986,56.02
Lesotho,LSO,GINI index (World Bank estimate),SI.POV.GINI,1994,63.24
Lesotho,LSO,GINI index (World Bank estimate),SI.POV.GINI,2002,51.57
Lesotho,LSO,GINI index (World Bank estimate),SI.POV.GINI,2010,54.18
Lithuania,LTU,GINI index (World Bank estimate),SI.POV.GINI,1988,22.48
Lithuania,LTU,GINI index (World Bank estimate),SI.POV.GINI,1993,33.64
Lithuania,LTU,GINI index (World Bank estimate),SI.POV.GINI,1996,32.26
Lithuania,LTU,GINI index (World Bank estimate),SI.POV.GINI,1998,32.10
Lithuania,LTU,GINI index (World Bank estimate),SI.POV.GINI,1999,32.02
Lithuania,LTU,GINI index (World Bank estimate),SI.POV.GINI,2000,31.67
Lithuania,LTU,GINI index (World Bank estimate),SI.POV.GINI,2001,32.01
Lithuania,LTU,GINI index (World Bank estimate),SI.POV.GINI,2002,31.92
Lithuania,LTU,GINI index (World Bank estimate),SI.POV.GINI,2003,35.46
Lithuania,LTU,GINI index (World Bank estimate),SI.POV.GINI,2004,35.20
Lithuania,LTU,GINI index (World Bank estimate),SI.POV.GINI,2005,35.30
Lithuania,LTU,GINI index (World Bank estimate),SI.POV.GINI,2006,34.44
Lithuania,LTU,GINI index (World Bank estimate),SI.POV.GINI,2007,34.59
Lithuania,LTU,GINI index (World Bank estimate),SI.POV.GINI,2008,37.06
Lithuania,LTU,GINI index (World Bank estimate),SI.POV.GINI,2009,37.33
Lithuania,LTU,GINI index (World Bank estimate),SI.POV.GINI,2010,33.76
Lithuania,LTU,GINI index (World Bank estimate),SI.POV.GINI,2011,32.63
Lithuania,LTU,GINI index (World Bank estimate),SI.POV.GINI,2012,35.15
Luxembourg,LUX,GINI index (World Bank estimate),SI.POV.GINI,2004,30.25
Luxembourg,LUX,GINI index (World Bank estimate),SI.POV.GINI,2005,31.11
Luxembourg,LUX,GINI index (World Bank estimate),SI.POV.GINI,2006,30.96
Luxembourg,LUX,GINI index (World Bank estimate),SI.POV.GINI,2007,31.28
Luxembourg,LUX,GINI index (World Bank estimate),SI.POV.GINI,2008,32.61
Luxembourg,LUX,GINI index (World Bank estimate),SI.POV.GINI,2009,31.53
Luxembourg,LUX,GINI index (World Bank estimate),SI.POV.GINI,2010,30.90
Luxembourg,LUX,GINI index (World Bank estimate),SI.POV.GINI,2011,32.42
Luxembourg,LUX,GINI index (World Bank estimate),SI.POV.GINI,2012,34.79
Latvia,LVA,GINI index (World Bank estimate),SI.POV.GINI,1988,22.49
Latvia,LVA,GINI index (World Bank estimate),SI.POV.GINI,1993,26.99
Latvia,LVA,GINI index (World Bank estimate),SI.POV.GINI,1995,30.98
Latvia,LVA,GINI index (World Bank estimate),SI.POV.GINI,1996,31.64
Latvia,LVA,GINI index (World Bank estimate),SI.POV.GINI,1997,32.65
Latvia,LVA,GINI index (World Bank estimate),SI.POV.GINI,1998,33.10
Latvia,LVA,GINI index (World Bank estimate),SI.POV.GINI,2002,35.09
Latvia,LVA,GINI index (World Bank estimate),SI.POV.GINI,2003,36.53
Latvia,LVA,GINI index (World Bank estimate),SI.POV.GINI,2004,34.96
Latvia,LVA,GINI index (World Bank estimate),SI.POV.GINI,2005,39.40
Latvia,LVA,GINI index (World Bank estimate),SI.POV.GINI,2006,35.60
Latvia,LVA,GINI index (World Bank estimate),SI.POV.GINI,2007,36.05
Latvia,LVA,GINI index (World Bank estimate),SI.POV.GINI,2008,35.82
Latvia,LVA,GINI index (World Bank estimate),SI.POV.GINI,2009,34.83
Latvia,LVA,GINI index (World Bank estimate),SI.POV.GINI,2010,35.27
Latvia,LVA,GINI index (World Bank estimate),SI.POV.GINI,2011,36.03
Latvia,LVA,GINI index (World Bank estimate),SI.POV.GINI,2012,35.48
Morocco,MAR,GINI index (World Bank estimate),SI.POV.GINI,1984,39.19
Morocco,MAR,GINI index (World Bank estimate),SI.POV.GINI,1990,39.20
Morocco,MAR,GINI index (World Bank estimate),SI.POV.GINI,1998,39.46
Morocco,MAR,GINI index (World Bank estimate),SI.POV.GINI,2000,40.64
Morocco,MAR,GINI index (World Bank estimate),SI.POV.GINI,2007,40.72
Moldova,MDA,GINI index (World Bank estimate),SI.POV.GINI,1988,24.14
Moldova,MDA,GINI index (World Bank estimate),SI.POV.GINI,1992,34.32
Moldova,MDA,GINI index (World Bank estimate),SI.POV.GINI,1997,36.94
Moldova,MDA,GINI index (World Bank estimate),SI.POV.GINI,1998,39.52
Moldova,MDA,GINI index (World Bank estimate),SI.POV.GINI,1999,42.62
Moldova,MDA,GINI index (World Bank estimate),SI.POV.GINI,2000,36.43
Moldova,MDA,GINI index (World Bank estimate),SI.POV.GINI,2001,38.16
Moldova,MDA,GINI index (World Bank estimate),SI.POV.GINI,2002,35.76
Moldova,MDA,GINI index (World Bank estimate),SI.POV.GINI,2003,35.26
Moldova,MDA,GINI index (World Bank estimate),SI.POV.GINI,2004,35.35
Moldova,MDA,GINI index (World Bank estimate),SI.POV.GINI,2005,36.28
Moldova,MDA,GINI index (World Bank estimate),SI.POV.GINI,2006,35.40
Moldova,MDA,GINI index (World Bank estimate),SI.POV.GINI,2007,34.42
Moldova,MDA,GINI index (World Bank estimate),SI.POV.GINI,2008,34.69
Moldova,MDA,GINI index (World Bank estimate),SI.POV.GINI,2009,32.91
Moldova,MDA,GINI index (World Bank estimate),SI.POV.GINI,2010,32.05
Moldova,MDA,GINI index (World Bank estimate),SI.POV.GINI,2011,30.63
Moldova,MDA,GINI index (World Bank estimate),SI.POV.GINI,2012,29.16
Moldova,MDA,GINI index (World Bank estimate),SI.POV.GINI,2013,28.53
Madagascar,MDG,GINI index (World Bank estimate),SI.POV.GINI,1993,45.26
Madagascar,MDG,GINI index (World Bank estimate),SI.POV.GINI,1997,39.47
Madagascar,MDG,GINI index (World Bank estimate),SI.POV.GINI,1999,38.61
Madagascar,MDG,GINI index (World Bank estimate),SI.POV.GINI,2001,47.44
Madagascar,MDG,GINI index (World Bank estimate),SI.POV.GINI,2005,38.88
Madagascar,MDG,GINI index (World Bank estimate),SI.POV.GINI,2010,40.63
Maldives,MDV,GINI index (World Bank estimate),SI.POV.GINI,1998,62.68
Maldives,MDV,GINI index (World Bank estimate),SI.POV.GINI,2004,37.37
Maldives,MDV,GINI index (World Bank estimate),SI.POV.GINI,2009,36.78
Mexico,MEX,GINI index (World Bank estimate),SI.POV.GINI,1984,48.95
Mexico,MEX,GINI index (World Bank estimate),SI.POV.GINI,1989,54.34
Mexico,MEX,GINI index (World Bank estimate),SI.POV.GINI,1992,50.95
Mexico,MEX,GINI index (World Bank estimate),SI.POV.GINI,1994,51.70
Mexico,MEX,GINI index (World Bank estimate),SI.POV.GINI,1996,48.47
Mexico,MEX,GINI index (World Bank estimate),SI.POV.GINI,1998,48.97
Mexico,MEX,GINI index (World Bank estimate),SI.POV.GINI,2000,51.67
Mexico,MEX,GINI index (World Bank estimate),SI.POV.GINI,2002,49.54
Mexico,MEX,GINI index (World Bank estimate),SI.POV.GINI,2004,46.03
Mexico,MEX,GINI index (World Bank estimate),SI.POV.GINI,2005,51.11
Mexico,MEX,GINI index (World Bank estimate),SI.POV.GINI,2006,48.01
Mexico,MEX,GINI index (World Bank estimate),SI.POV.GINI,2008,48.23
Mexico,MEX,GINI index (World Bank estimate),SI.POV.GINI,2010,48.13
Mexico,MEX,GINI index (World Bank estimate),SI.POV.GINI,2012,48.07
"Macedonia, FYR",MKD,GINI index (World Bank estimate),SI.POV.GINI,1998,28.13
"Macedonia, FYR",MKD,GINI index (World Bank estimate),SI.POV.GINI,2000,34.26
"Macedonia, FYR",MKD,GINI index (World Bank estimate),SI.POV.GINI,2002,38.51
"Macedonia, FYR",MKD,GINI index (World Bank estimate),SI.POV.GINI,2003,38.72
"Macedonia, FYR",MKD,GINI index (World Bank estimate),SI.POV.GINI,2004,38.77
"Macedonia, FYR",MKD,GINI index (World Bank estimate),SI.POV.GINI,2005,39.31
"Macedonia, FYR",MKD,GINI index (World Bank estimate),SI.POV.GINI,2006,42.64
"Macedonia, FYR",MKD,GINI index (World Bank estimate),SI.POV.GINI,2008,44.05
Mali,MLI,GINI index (World Bank estimate),SI.POV.GINI,1994,50.44
Mali,MLI,GINI index (World Bank estimate),SI.POV.GINI,2001,39.87
Mali,MLI,GINI index (World Bank estimate),SI.POV.GINI,2006,38.93
Mali,MLI,GINI index (World Bank estimate),SI.POV.GINI,2009,33.04
Montenegro,MNE,GINI index (World Bank estimate),SI.POV.GINI,2005,30.14
Montenegro,MNE,GINI index (World Bank estimate),SI.POV.GINI,2006,29.39
Montenegro,MNE,GINI index (World Bank estimate),SI.POV.GINI,2007,30.82
Montenegro,MNE,GINI index (World Bank estimate),SI.POV.GINI,2008,30.01
Montenegro,MNE,GINI index (World Bank estimate),SI.POV.GINI,2009,30.27
Montenegro,MNE,GINI index (World Bank estimate),SI.POV.GINI,2010,28.60
Montenegro,MNE,GINI index (World Bank estimate),SI.POV.GINI,2011,30.63
Montenegro,MNE,GINI index (World Bank estimate),SI.POV.GINI,2012,32.16
Montenegro,MNE,GINI index (World Bank estimate),SI.POV.GINI,2013,33.19
Mongolia,MNG,GINI index (World Bank estimate),SI.POV.GINI,1995,33.20
Mongolia,MNG,GINI index (World Bank estimate),SI.POV.GINI,1998,30.27
Mongolia,MNG,GINI index (World Bank estimate),SI.POV.GINI,2002,32.89
Mongolia,MNG,GINI index (World Bank estimate),SI.POV.GINI,2007,35.82
Mongolia,MNG,GINI index (World Bank estimate),SI.POV.GINI,2010,33.08
Mongolia,MNG,GINI index (World Bank estimate),SI.POV.GINI,2011,33.88
Mongolia,MNG,GINI index (World Bank estimate),SI.POV.GINI,2012,33.75
Mozambique,MOZ,GINI index (World Bank estimate),SI.POV.GINI,1996,44.41
Mozambique,MOZ,GINI index (World Bank estimate),SI.POV.GINI,2002,47.04
Mozambique,MOZ,GINI index (World Bank estimate),SI.POV.GINI,2008,45.58
Mauritania,MRT,GINI index (World Bank estimate),SI.POV.GINI,1987,43.94
Mauritania,MRT,GINI index (World Bank estimate),SI.POV.GINI,1993,50.05
Mauritania,MRT,GINI index (World Bank estimate),SI.POV.GINI,1995,37.75
Mauritania,MRT,GINI index (World Bank estimate),SI.POV.GINI,2000,39.03
Mauritania,MRT,GINI index (World Bank estimate),SI.POV.GINI,2004,40.17
Mauritania,MRT,GINI index (World Bank estimate),SI.POV.GINI,2008,37.48
Mauritius,MUS,GINI index (World Bank estimate),SI.POV.GINI,2006,35.65
Mauritius,MUS,GINI index (World Bank estimate),SI.POV.GINI,2012,35.84
Malawi,MWI,GINI index (World Bank estimate),SI.POV.GINI,1997,65.76
Malawi,MWI,GINI index (World Bank estimate),SI.POV.GINI,2004,39.87
Malawi,MWI,GINI index (World Bank estimate),SI.POV.GINI,2010,46.12
Malaysia,MYS,GINI index (World Bank estimate),SI.POV.GINI,1984,48.62
Malaysia,MYS,GINI index (World Bank estimate),SI.POV.GINI,1987,47.04
Malaysia,MYS,GINI index (World Bank estimate),SI.POV.GINI,1989,46.17
Malaysia,MYS,GINI index (World Bank estimate),SI.POV.GINI,1992,47.65
Malaysia,MYS,GINI index (World Bank estimate),SI.POV.GINI,1995,48.52
Malaysia,MYS,GINI index (World Bank estimate),SI.POV.GINI,1997,49.15
Malaysia,MYS,GINI index (World Bank estimate),SI.POV.GINI,2004,46.05
Malaysia,MYS,GINI index (World Bank estimate),SI.POV.GINI,2007,46.00
Malaysia,MYS,GINI index (World Bank estimate),SI.POV.GINI,2009,46.26
Namibia,NAM,GINI index (World Bank estimate),SI.POV.GINI,2003,63.32
Namibia,NAM,GINI index (World Bank estimate),SI.POV.GINI,2009,60.97
Niger,NER,GINI index (World Bank estimate),SI.POV.GINI,1992,36.10
Niger,NER,GINI index (World Bank estimate),SI.POV.GINI,1994,41.53
Niger,NER,GINI index (World Bank estimate),SI.POV.GINI,2005,44.43
Niger,NER,GINI index (World Bank estimate),SI.POV.GINI,2007,37.30
Niger,NER,GINI index (World Bank estimate),SI.POV.GINI,2011,31.45
Nigeria,NGA,GINI index (World Bank estimate),SI.POV.GINI,1985,38.68
Nigeria,NGA,GINI index (World Bank estimate),SI.POV.GINI,1992,44.98
Nigeria,NGA,GINI index (World Bank estimate),SI.POV.GINI,1996,51.92
Nigeria,NGA,GINI index (World Bank estimate),SI.POV.GINI,2003,40.06
Nigeria,NGA,GINI index (World Bank estimate),SI.POV.GINI,2009,42.97
Nicaragua,NIC,GINI index (World Bank estimate),SI.POV.GINI,1993,50.36
Nicaragua,NIC,GINI index (World Bank estimate),SI.POV.GINI,1998,45.16
Nicaragua,NIC,GINI index (World Bank estimate),SI.POV.GINI,2001,43.08
Nicaragua,NIC,GINI index (World Bank estimate),SI.POV.GINI,2005,40.49
Nicaragua,NIC,GINI index (World Bank estimate),SI.POV.GINI,2009,45.73
Netherlands,NLD,GINI index (World Bank estimate),SI.POV.GINI,2004,30.74
Netherlands,NLD,GINI index (World Bank estimate),SI.POV.GINI,2005,29.86
Netherlands,NLD,GINI index (World Bank estimate),SI.POV.GINI,2006,30.76
Netherlands,NLD,GINI index (World Bank estimate),SI.POV.GINI,2007,30.35
Netherlands,NLD,GINI index (World Bank estimate),SI.POV.GINI,2008,29.93
Netherlands,NLD,GINI index (World Bank estimate),SI.POV.GINI,2009,28.38
Netherlands,NLD,GINI index (World Bank estimate),SI.POV.GINI,2010,28.73
Netherlands,NLD,GINI index (World Bank estimate),SI.POV.GINI,2011,28.17
Netherlands,NLD,GINI index (World Bank estimate),SI.POV.GINI,2012,27.99
Norway,NOR,GINI index (World Bank estimate),SI.POV.GINI,2004,31.72
Norway,NOR,GINI index (World Bank estimate),SI.POV.GINI,2005,32.27
Norway,NOR,GINI index (World Bank estimate),SI.POV.GINI,2006,27.29
Norway,NOR,GINI index (World Bank estimate),SI.POV.GINI,2007,28.07
Norway,NOR,GINI index (World Bank estimate),SI.POV.GINI,2008,27.14
Norway,NOR,GINI index (World Bank estimate),SI.POV.GINI,2009,26.39
Norway,NOR,GINI index (World Bank estimate),SI.POV.GINI,2010,25.86
Norway,NOR,GINI index (World Bank estimate),SI.POV.GINI,2011,25.54
Norway,NOR,GINI index (World Bank estimate),SI.POV.GINI,2012,25.90
Nepal,NPL,GINI index (World Bank estimate),SI.POV.GINI,1984,30.06
Nepal,NPL,GINI index (World Bank estimate),SI.POV.GINI,1995,35.21
Nepal,NPL,GINI index (World Bank estimate),SI.POV.GINI,2003,43.26
Nepal,NPL,GINI index (World Bank estimate),SI.POV.GINI,2010,32.75
Pakistan,PAK,GINI index (World Bank estimate),SI.POV.GINI,1987,33.32
Pakistan,PAK,GINI index (World Bank estimate),SI.POV.GINI,1990,33.25
Pakistan,PAK,GINI index (World Bank estimate),SI.POV.GINI,1996,28.67
Pakistan,PAK,GINI index (World Bank estimate),SI.POV.GINI,1998,33.12
Pakistan,PAK,GINI index (World Bank estimate),SI.POV.GINI,2001,30.50
Pakistan,PAK,GINI index (World Bank estimate),SI.POV.GINI,2004,32.33
Pakistan,PAK,GINI index (World Bank estimate),SI.POV.GINI,2005,32.69
Pakistan,PAK,GINI index (World Bank estimate),SI.POV.GINI,2007,31.42
Pakistan,PAK,GINI index (World Bank estimate),SI.POV.GINI,2010,29.59
Panama,PAN,GINI index (World Bank estimate),SI.POV.GINI,1989,58.91
Panama,PAN,GINI index (World Bank estimate),SI.POV.GINI,1991,58.19
Panama,PAN,GINI index (World Bank estimate),SI.POV.GINI,1995,57.81
Panama,PAN,GINI index (World Bank estimate),SI.POV.GINI,1997,58.23
Panama,PAN,GINI index (World Bank estimate),SI.POV.GINI,1998,57.48
Panama,PAN,GINI index (World Bank estimate),SI.POV.GINI,1999,56.46
Panama,PAN,GINI index (World Bank estimate),SI.POV.GINI,2000,57.66
Panama,PAN,GINI index (World Bank estimate),SI.POV.GINI,2001,57.30
Panama,PAN,GINI index (World Bank estimate),SI.POV.GINI,2002,56.59
Panama,PAN,GINI index (World Bank estimate),SI.POV.GINI,2003,56.37
Panama,PAN,GINI index (World Bank estimate),SI.POV.GINI,2004,55.06
Panama,PAN,GINI index (World Bank estimate),SI.POV.GINI,2005,53.99
Panama,PAN,GINI index (World Bank estimate),SI.POV.GINI,2006,55.06
Panama,PAN,GINI index (World Bank estimate),SI.POV.GINI,2007,52.97
Panama,PAN,GINI index (World Bank estimate),SI.POV.GINI,2008,52.63
Panama,PAN,GINI index (World Bank estimate),SI.POV.GINI,2009,52.03
Panama,PAN,GINI index (World Bank estimate),SI.POV.GINI,2010,51.91
Panama,PAN,GINI index (World Bank estimate),SI.POV.GINI,2011,51.83
Panama,PAN,GINI index (World Bank estimate),SI.POV.GINI,2012,51.90
Panama,PAN,GINI index (World Bank estimate),SI.POV.GINI,2013,51.67
Peru,PER,GINI index (World Bank estimate),SI.POV.GINI,1985,99.91
Peru,PER,GINI index (World Bank estimate),SI.POV.GINI,1994,44.02
Peru,PER,GINI index (World Bank estimate),SI.POV.GINI,1997,53.72
Peru,PER,GINI index (World Bank estimate),SI.POV.GINI,1998,56.14
Peru,PER,GINI index (World Bank estimate),SI.POV.GINI,1999,56.34
Peru,PER,GINI index (World Bank estimate),SI.POV.GINI,2000,50.77
Peru,PER,GINI index (World Bank estimate),SI.POV.GINI,2001,51.83
Peru,PER,GINI index (World Bank estimate),SI.POV.GINI,2002,54.04
Peru,PER,GINI index (World Bank estimate),SI.POV.GINI,2003,53.71
Peru,PER,GINI index (World Bank estimate),SI.POV.GINI,2004,51.20
Peru,PER,GINI index (World Bank estimate),SI.POV.GINI,2005,51.84
Peru,PER,GINI index (World Bank estimate),SI.POV.GINI,2006,51.67
Peru,PER,GINI index (World Bank estimate),SI.POV.GINI,2007,51.35
Peru,PER,GINI index (World Bank estimate),SI.POV.GINI,2008,48.55
Peru,PER,GINI index (World Bank estimate),SI.POV.GINI,2009,47.96
Peru,PER,GINI index (World Bank estimate),SI.POV.GINI,2010,46.21
Peru,PER,GINI index (World Bank estimate),SI.POV.GINI,2011,45.48
Peru,PER,GINI index (World Bank estimate),SI.POV.GINI,2012,45.11
Peru,PER,GINI index (World Bank estimate),SI.POV.GINI,2013,44.73
Philippines,PHL,GINI index (World Bank estimate),SI.POV.GINI,1985,41.04
Philippines,PHL,GINI index (World Bank estimate),SI.POV.GINI,1988,40.75
Philippines,PHL,GINI index (World Bank estimate),SI.POV.GINI,1991,43.82
Philippines,PHL,GINI index (World Bank estimate),SI.POV.GINI,1994,38.52
Philippines,PHL,GINI index (World Bank estimate),SI.POV.GINI,1997,45.96
Philippines,PHL,GINI index (World Bank estimate),SI.POV.GINI,2000,46.17
Philippines,PHL,GINI index (World Bank estimate),SI.POV.GINI,2003,44.04
Philippines,PHL,GINI index (World Bank estimate),SI.POV.GINI,2006,44.20
Philippines,PHL,GINI index (World Bank estimate),SI.POV.GINI,2009,42.91
Philippines,PHL,GINI index (World Bank estimate),SI.POV.GINI,2012,43.04
Papua New Guinea,PNG,GINI index (World Bank estimate),SI.POV.GINI,1996,55.43
Papua New Guinea,PNG,GINI index (World Bank estimate),SI.POV.GINI,2009,43.88
Poland,POL,GINI index (World Bank estimate),SI.POV.GINI,1985,25.16
Poland,POL,GINI index (World Bank estimate),SI.POV.GINI,1987,25.53
Poland,POL,GINI index (World Bank estimate),SI.POV.GINI,1989,26.89
Poland,POL,GINI index (World Bank estimate),SI.POV.GINI,1992,26.70
Poland,POL,GINI index (World Bank estimate),SI.POV.GINI,1996,32.66
Poland,POL,GINI index (World Bank estimate),SI.POV.GINI,1998,32.32
Poland,POL,GINI index (World Bank estimate),SI.POV.GINI,1999,32.59
Poland,POL,GINI index (World Bank estimate),SI.POV.GINI,2000,33.00
Poland,POL,GINI index (World Bank estimate),SI.POV.GINI,2001,32.85
Poland,POL,GINI index (World Bank estimate),SI.POV.GINI,2002,34.05
Poland,POL,GINI index (World Bank estimate),SI.POV.GINI,2003,34.91
Poland,POL,GINI index (World Bank estimate),SI.POV.GINI,2004,35.43
Poland,POL,GINI index (World Bank estimate),SI.POV.GINI,2005,35.86
Poland,POL,GINI index (World Bank estimate),SI.POV.GINI,2006,33.71
Poland,POL,GINI index (World Bank estimate),SI.POV.GINI,2007,33.51
Poland,POL,GINI index (World Bank estimate),SI.POV.GINI,2008,33.72
Poland,POL,GINI index (World Bank estimate),SI.POV.GINI,2009,33.58
Poland,POL,GINI index (World Bank estimate),SI.POV.GINI,2010,33.22
Poland,POL,GINI index (World Bank estimate),SI.POV.GINI,2011,32.78
Poland,POL,GINI index (World Bank estimate),SI.POV.GINI,2012,32.39
Portugal,PRT,GINI index (World Bank estimate),SI.POV.GINI,2004,38.90
Portugal,PRT,GINI index (World Bank estimate),SI.POV.GINI,2005,38.47
Portugal,PRT,GINI index (World Bank estimate),SI.POV.GINI,2006,38.06
Portugal,PRT,GINI index (World Bank estimate),SI.POV.GINI,2007,36.75
Portugal,PRT,GINI index (World Bank estimate),SI.POV.GINI,2008,36.63
Portugal,PRT,GINI index (World Bank estimate),SI.POV.GINI,2009,34.91
Portugal,PRT,GINI index (World Bank estimate),SI.POV.GINI,2010,35.84
Portugal,PRT,GINI index (World Bank estimate),SI.POV.GINI,2011,36.34
Portugal,PRT,GINI index (World Bank estimate),SI.POV.GINI,2012,36.04
Paraguay,PRY,GINI index (World Bank estimate),SI.POV.GINI,1990,40.84
Paraguay,PRY,GINI index (World Bank estimate),SI.POV.GINI,1995,58.16
Paraguay,PRY,GINI index (World Bank estimate),SI.POV.GINI,1997,54.89
Paraguay,PRY,GINI index (World Bank estimate),SI.POV.GINI,1999,54.58
Paraguay,PRY,GINI index (World Bank estimate),SI.POV.GINI,2001,54.83
Paraguay,PRY,GINI index (World Bank estimate),SI.POV.GINI,2002,57.34
Paraguay,PRY,GINI index (World Bank estimate),SI.POV.GINI,2003,55.55
Paraguay,PRY,GINI index (World Bank estimate),SI.POV.GINI,2004,52.59
Paraguay,PRY,GINI index (World Bank estimate),SI.POV.GINI,2005,51.37
Paraguay,PRY,GINI index (World Bank estimate),SI.POV.GINI,2006,53.63
Paraguay,PRY,GINI index (World Bank estimate),SI.POV.GINI,2007,52.09
Paraguay,PRY,GINI index (World Bank estimate),SI.POV.GINI,2008,51.04
Paraguay,PRY,GINI index (World Bank estimate),SI.POV.GINI,2009,49.67
Paraguay,PRY,GINI index (World Bank estimate),SI.POV.GINI,2010,51.83
Paraguay,PRY,GINI index (World Bank estimate),SI.POV.GINI,2011,52.60
Paraguay,PRY,GINI index (World Bank estimate),SI.POV.GINI,2012,48.17
Paraguay,PRY,GINI index (World Bank estimate),SI.POV.GINI,2013,48.30
Romania,ROU,GINI index (World Bank estimate),SI.POV.GINI,1989,23.31
Romania,ROU,GINI index (World Bank estimate),SI.POV.GINI,1992,25.46
Romania,ROU,GINI index (World Bank estimate),SI.POV.GINI,1994,28.20
Romania,ROU,GINI index (World Bank estimate),SI.POV.GINI,1998,31.08
Romania,ROU,GINI index (World Bank estimate),SI.POV.GINI,1999,29.42
Romania,ROU,GINI index (World Bank estimate),SI.POV.GINI,2000,29.32
Romania,ROU,GINI index (World Bank estimate),SI.POV.GINI,2001,29.43
Romania,ROU,GINI index (World Bank estimate),SI.POV.GINI,2002,30.23
Romania,ROU,GINI index (World Bank estimate),SI.POV.GINI,2003,29.91
Romania,ROU,GINI index (World Bank estimate),SI.POV.GINI,2004,30.04
Romania,ROU,GINI index (World Bank estimate),SI.POV.GINI,2005,29.82
Romania,ROU,GINI index (World Bank estimate),SI.POV.GINI,2006,39.18
Romania,ROU,GINI index (World Bank estimate),SI.POV.GINI,2007,37.61
Romania,ROU,GINI index (World Bank estimate),SI.POV.GINI,2008,29.40
Romania,ROU,GINI index (World Bank estimate),SI.POV.GINI,2009,28.19
Romania,ROU,GINI index (World Bank estimate),SI.POV.GINI,2010,28.16
Romania,ROU,GINI index (World Bank estimate),SI.POV.GINI,2011,27.21
Romania,ROU,GINI index (World Bank estimate),SI.POV.GINI,2012,27.33
Russian Federation,RUS,GINI index (World Bank estimate),SI.POV.GINI,1988,23.80
Russian Federation,RUS,GINI index (World Bank estimate),SI.POV.GINI,1993,48.38
Russian Federation,RUS,GINI index (World Bank estimate),SI.POV.GINI,1996,46.10
Russian Federation,RUS,GINI index (World Bank estimate),SI.POV.GINI,1997,38.41
Russian Federation,RUS,GINI index (World Bank estimate),SI.POV.GINI,1998,38.14
Russian Federation,RUS,GINI index (World Bank estimate),SI.POV.GINI,1999,37.44
Russian Federation,RUS,GINI index (World Bank estimate),SI.POV.GINI,2000,37.09
Russian Federation,RUS,GINI index (World Bank estimate),SI.POV.GINI,2001,39.60
Russian Federation,RUS,GINI index (World Bank estimate),SI.POV.GINI,2002,37.28
Russian Federation,RUS,GINI index (World Bank estimate),SI.POV.GINI,2003,40.80
Russian Federation,RUS,GINI index (World Bank estimate),SI.POV.GINI,2004,40.92
Russian Federation,RUS,GINI index (World Bank estimate),SI.POV.GINI,2005,41.37
Russian Federation,RUS,GINI index (World Bank estimate),SI.POV.GINI,2006,41.54
Russian Federation,RUS,GINI index (World Bank estimate),SI.POV.GINI,2007,42.33
Russian Federation,RUS,GINI index (World Bank estimate),SI.POV.GINI,2008,41.42
Russian Federation,RUS,GINI index (World Bank estimate),SI.POV.GINI,2009,39.69
Russian Federation,RUS,GINI index (World Bank estimate),SI.POV.GINI,2010,40.94
Russian Federation,RUS,GINI index (World Bank estimate),SI.POV.GINI,2011,41.04
Russian Federation,RUS,GINI index (World Bank estimate),SI.POV.GINI,2012,41.59
Rwanda,RWA,GINI index (World Bank estimate),SI.POV.GINI,1984,28.90
Rwanda,RWA,GINI index (World Bank estimate),SI.POV.GINI,2000,48.55
Rwanda,RWA,GINI index (World Bank estimate),SI.POV.GINI,2005,52.04
Rwanda,RWA,GINI index (World Bank estimate),SI.POV.GINI,2010,51.34
Sudan,SDN,GINI index (World Bank estimate),SI.POV.GINI,2009,35.39
Senegal,SEN,GINI index (World Bank estimate),SI.POV.GINI,1991,54.14
Senegal,SEN,GINI index (World Bank estimate),SI.POV.GINI,1994,41.44
Senegal,SEN,GINI index (World Bank estimate),SI.POV.GINI,2001,41.23
Senegal,SEN,GINI index (World Bank estimate),SI.POV.GINI,2005,39.22
Senegal,SEN,GINI index (World Bank estimate),SI.POV.GINI,2011,40.28
Solomon Islands,SLB,GINI index (World Bank estimate),SI.POV.GINI,2005,46.10
Sierra Leone,SLE,GINI index (World Bank estimate),SI.POV.GINI,2003,40.17
Sierra Leone,SLE,GINI index (World Bank estimate),SI.POV.GINI,2011,33.99
El Salvador,SLV,GINI index (World Bank estimate),SI.POV.GINI,1991,53.95
El Salvador,SLV,GINI index (World Bank estimate),SI.POV.GINI,1995,49.88
El Salvador,SLV,GINI index (World Bank estimate),SI.POV.GINI,1996,51.39
El Salvador,SLV,GINI index (World Bank estimate),SI.POV.GINI,1998,54.52
El Salvador,SLV,GINI index (World Bank estimate),SI.POV.GINI,1999,52.20
El Salvador,SLV,GINI index (World Bank estimate),SI.POV.GINI,2000,51.31
El Salvador,SLV,GINI index (World Bank estimate),SI.POV.GINI,2001,51.14
El Salvador,SLV,GINI index (World Bank estimate),SI.POV.GINI,2002,51.54
El Salvador,SLV,GINI index (World Bank estimate),SI.POV.GINI,2003,50.72
El Salvador,SLV,GINI index (World Bank estimate),SI.POV.GINI,2004,47.38
El Salvador,SLV,GINI index (World Bank estimate),SI.POV.GINI,2005,47.88
El Salvador,SLV,GINI index (World Bank estimate),SI.POV.GINI,2006,45.44
El Salvador,SLV,GINI index (World Bank estimate),SI.POV.GINI,2007,45.24
El Salvador,SLV,GINI index (World Bank estimate),SI.POV.GINI,2008,46.65
El Salvador,SLV,GINI index (World Bank estimate),SI.POV.GINI,2009,45.93
El Salvador,SLV,GINI index (World Bank estimate),SI.POV.GINI,2010,44.53
El Salvador,SLV,GINI index (World Bank estimate),SI.POV.GINI,2011,42.43
El Salvador,SLV,GINI index (World Bank estimate),SI.POV.GINI,2012,41.80
El Salvador,SLV,GINI index (World Bank estimate),SI.POV.GINI,2013,43.51
Serbia,SRB,GINI index (World Bank estimate),SI.POV.GINI,2002,32.74
Serbia,SRB,GINI index (World Bank estimate),SI.POV.GINI,2003,32.83
Serbia,SRB,GINI index (World Bank estimate),SI.POV.GINI,2004,32.98
Serbia,SRB,GINI index (World Bank estimate),SI.POV.GINI,2005,33.43
Serbia,SRB,GINI index (World Bank estimate),SI.POV.GINI,2006,29.67
Serbia,SRB,GINI index (World Bank estimate),SI.POV.GINI,2007,29.43
Serbia,SRB,GINI index (World Bank estimate),SI.POV.GINI,2008,28.18
Serbia,SRB,GINI index (World Bank estimate),SI.POV.GINI,2009,28.67
Serbia,SRB,GINI index (World Bank estimate),SI.POV.GINI,2010,29.65
Sao Tome and Principe,STP,GINI index (World Bank estimate),SI.POV.GINI,2000,32.13
Sao Tome and Principe,STP,GINI index (World Bank estimate),SI.POV.GINI,2010,30.82
Suriname,SUR,GINI index (World Bank estimate),SI.POV.GINI,1999,57.61
Slovak Republic,SVK,GINI index (World Bank estimate),SI.POV.GINI,1988,19.54
Slovak Republic,SVK,GINI index (World Bank estimate),SI.POV.GINI,1992,19.49
Slovak Republic,SVK,GINI index (World Bank estimate),SI.POV.GINI,1996,25.81
Slovak Republic,SVK,GINI index (World Bank estimate),SI.POV.GINI,2004,28.94
Slovak Republic,SVK,GINI index (World Bank estimate),SI.POV.GINI,2005,29.83
Slovak Republic,SVK,GINI index (World Bank estimate),SI.POV.GINI,2006,27.71
Slovak Republic,SVK,GINI index (World Bank estimate),SI.POV.GINI,2007,28.00
Slovak Republic,SVK,GINI index (World Bank estimate),SI.POV.GINI,2008,26.87
Slovak Republic,SVK,GINI index (World Bank estimate),SI.POV.GINI,2009,26.02
Slovak Republic,SVK,GINI index (World Bank estimate),SI.POV.GINI,2010,27.32
Slovak Republic,SVK,GINI index (World Bank estimate),SI.POV.GINI,2011,26.58
Slovak Republic,SVK,GINI index (World Bank estimate),SI.POV.GINI,2012,26.12
Slovenia,SVN,GINI index (World Bank estimate),SI.POV.GINI,1987,23.60
Slovenia,SVN,GINI index (World Bank estimate),SI.POV.GINI,1993,29.18
Slovenia,SVN,GINI index (World Bank estimate),SI.POV.GINI,1998,28.41
Slovenia,SVN,GINI index (World Bank estimate),SI.POV.GINI,2002,29.12
Slovenia,SVN,GINI index (World Bank estimate),SI.POV.GINI,2003,30.87
Slovenia,SVN,GINI index (World Bank estimate),SI.POV.GINI,2004,31.15
Slovenia,SVN,GINI index (World Bank estimate),SI.POV.GINI,2005,24.63
Slovenia,SVN,GINI index (World Bank estimate),SI.POV.GINI,2006,24.48
Slovenia,SVN,GINI index (World Bank estimate),SI.POV.GINI,2007,24.37
Slovenia,SVN,GINI index (World Bank estimate),SI.POV.GINI,2008,23.72
Slovenia,SVN,GINI index (World Bank estimate),SI.POV.GINI,2009,24.83
Slovenia,SVN,GINI index (World Bank estimate),SI.POV.GINI,2010,24.94
Slovenia,SVN,GINI index (World Bank estimate),SI.POV.GINI,2011,24.87
Slovenia,SVN,GINI index (World Bank estimate),SI.POV.GINI,2012,25.59
Sweden,SWE,GINI index (World Bank estimate),SI.POV.GINI,2004,26.43
Sweden,SWE,GINI index (World Bank estimate),SI.POV.GINI,2005,27.10
Sweden,SWE,GINI index (World Bank estimate),SI.POV.GINI,2006,26.47
Sweden,SWE,GINI index (World Bank estimate),SI.POV.GINI,2007,26.92
Sweden,SWE,GINI index (World Bank estimate),SI.POV.GINI,2008,27.13
Sweden,SWE,GINI index (World Bank estimate),SI.POV.GINI,2009,26.61
Sweden,SWE,GINI index (World Bank estimate),SI.POV.GINI,2010,26.81
Sweden,SWE,GINI index (World Bank estimate),SI.POV.GINI,2011,27.24
Sweden,SWE,GINI index (World Bank estimate),SI.POV.GINI,2012,27.32
Swaziland,SWZ,GINI index (World Bank estimate),SI.POV.GINI,1994,60.45
Swaziland,SWZ,GINI index (World Bank estimate),SI.POV.GINI,2000,53.11
Swaziland,SWZ,GINI index (World Bank estimate),SI.POV.GINI,2009,51.45
Seychelles,SYC,GINI index (World Bank estimate),SI.POV.GINI,1999,42.78
Seychelles,SYC,GINI index (World Bank estimate),SI.POV.GINI,2006,42.77
Syrian Arab Republic,SYR,GINI index (World Bank estimate),SI.POV.GINI,2004,35.77
Chad,TCD,GINI index (World Bank estimate),SI.POV.GINI,2003,39.82
Chad,TCD,GINI index (World Bank estimate),SI.POV.GINI,2011,43.32
Togo,TGO,GINI index (World Bank estimate),SI.POV.GINI,2006,42.21
Togo,TGO,GINI index (World Bank estimate),SI.POV.GINI,2011,46.02
Thailand,THA,GINI index (World Bank estimate),SI.POV.GINI,1981,45.22
Thailand,THA,GINI index (World Bank estimate),SI.POV.GINI,1988,43.84
Thailand,THA,GINI index (World Bank estimate),SI.POV.GINI,1990,45.26
Thailand,THA,GINI index (World Bank estimate),SI.POV.GINI,1992,47.86
Thailand,THA,GINI index (World Bank estimate),SI.POV.GINI,1994,43.47
Thailand,THA,GINI index (World Bank estimate),SI.POV.GINI,1996,42.90
Thailand,THA,GINI index (World Bank estimate),SI.POV.GINI,1998,41.46
Thailand,THA,GINI index (World Bank estimate),SI.POV.GINI,1999,43.09
Thailand,THA,GINI index (World Bank estimate),SI.POV.GINI,2000,42.83
Thailand,THA,GINI index (World Bank estimate),SI.POV.GINI,2002,41.94
Thailand,THA,GINI index (World Bank estimate),SI.POV.GINI,2004,42.54
Thailand,THA,GINI index (World Bank estimate),SI.POV.GINI,2006,41.82
Thailand,THA,GINI index (World Bank estimate),SI.POV.GINI,2007,39.76
Thailand,THA,GINI index (World Bank estimate),SI.POV.GINI,2008,40.29
Thailand,THA,GINI index (World Bank estimate),SI.POV.GINI,2009,39.75
Thailand,THA,GINI index (World Bank estimate),SI.POV.GINI,2010,39.40
Thailand,THA,GINI index (World Bank estimate),SI.POV.GINI,2011,37.46
Thailand,THA,GINI index (World Bank estimate),SI.POV.GINI,2012,39.26
Tajikistan,TJK,GINI index (World Bank estimate),SI.POV.GINI,1999,29.54
Tajikistan,TJK,GINI index (World Bank estimate),SI.POV.GINI,2003,32.72
Tajikistan,TJK,GINI index (World Bank estimate),SI.POV.GINI,2004,33.60
Tajikistan,TJK,GINI index (World Bank estimate),SI.POV.GINI,2007,32.19
Tajikistan,TJK,GINI index (World Bank estimate),SI.POV.GINI,2009,30.77
Turkmenistan,TKM,GINI index (World Bank estimate),SI.POV.GINI,1988,26.39
Turkmenistan,TKM,GINI index (World Bank estimate),SI.POV.GINI,1993,35.38
Turkmenistan,TKM,GINI index (World Bank estimate),SI.POV.GINI,1998,40.77
Timor-Leste,TLS,GINI index (World Bank estimate),SI.POV.GINI,2001,37.56
Timor-Leste,TLS,GINI index (World Bank estimate),SI.POV.GINI,2007,31.56
Tonga,TON,GINI index (World Bank estimate),SI.POV.GINI,2009,38.10
Trinidad and Tobago,TTO,GINI index (World Bank estimate),SI.POV.GINI,1988,42.60
Trinidad and Tobago,TTO,GINI index (World Bank estimate),SI.POV.GINI,1992,40.27
Tunisia,TUN,GINI index (World Bank estimate),SI.POV.GINI,1985,43.43
Tunisia,TUN,GINI index (World Bank estimate),SI.POV.GINI,1990,40.24
Tunisia,TUN,GINI index (World Bank estimate),SI.POV.GINI,1995,41.66
Tunisia,TUN,GINI index (World Bank estimate),SI.POV.GINI,2000,40.81
Tunisia,TUN,GINI index (World Bank estimate),SI.POV.GINI,2005,37.73
Tunisia,TUN,GINI index (World Bank estimate),SI.POV.GINI,2010,35.81
Turkey,TUR,GINI index (World Bank estimate),SI.POV.GINI,1987,43.48
Turkey,TUR,GINI index (World Bank estimate),SI.POV.GINI,1994,41.32
Turkey,TUR,GINI index (World Bank estimate),SI.POV.GINI,2002,41.40
Turkey,TUR,GINI index (World Bank estimate),SI.POV.GINI,2003,42.18
Turkey,TUR,GINI index (World Bank estimate),SI.POV.GINI,2004,41.29
Turkey,TUR,GINI index (World Bank estimate),SI.POV.GINI,2005,41.72
Turkey,TUR,GINI index (World Bank estimate),SI.POV.GINI,2006,39.65
Turkey,TUR,GINI index (World Bank estimate),SI.POV.GINI,2007,38.44
Turkey,TUR,GINI index (World Bank estimate),SI.POV.GINI,2008,38.28
Turkey,TUR,GINI index (World Bank estimate),SI.POV.GINI,2009,38.97
Turkey,TUR,GINI index (World Bank estimate),SI.POV.GINI,2010,38.78
Turkey,TUR,GINI index (World Bank estimate),SI.POV.GINI,2011,40.04
Turkey,TUR,GINI index (World Bank estimate),SI.POV.GINI,2012,40.17
Tanzania,TZA,GINI index (World Bank estimate),SI.POV.GINI,1991,35.29
Tanzania,TZA,GINI index (World Bank estimate),SI.POV.GINI,2000,37.30
Tanzania,TZA,GINI index (World Bank estimate),SI.POV.GINI,2007,40.28
Tanzania,TZA,GINI index (World Bank estimate),SI.POV.GINI,2011,37.78
Uganda,UGA,GINI index (World Bank estimate),SI.POV.GINI,1989,44.36
Uganda,UGA,GINI index (World Bank estimate),SI.POV.GINI,1992,41.43
Uganda,UGA,GINI index (World Bank estimate),SI.POV.GINI,1996,39.04
Uganda,UGA,GINI index (World Bank estimate),SI.POV.GINI,1999,43.00
Uganda,UGA,GINI index (World Bank estimate),SI.POV.GINI,2002,45.17
Uganda,UGA,GINI index (World Bank estimate),SI.POV.GINI,2005,42.94
Uganda,UGA,GINI index (World Bank estimate),SI.POV.GINI,2009,44.20
Uganda,UGA,GINI index (World Bank estimate),SI.POV.GINI,2012,42.37
Ukraine,UKR,GINI index (World Bank estimate),SI.POV.GINI,1988,23.31
Ukraine,UKR,GINI index (World Bank estimate),SI.POV.GINI,1992,29.71
Ukraine,UKR,GINI index (World Bank estimate),SI.POV.GINI,1995,39.29
Ukraine,UKR,GINI index (World Bank estimate),SI.POV.GINI,1996,35.16
Ukraine,UKR,GINI index (World Bank estimate),SI.POV.GINI,1999,28.96
Ukraine,UKR,GINI index (World Bank estimate),SI.POV.GINI,2002,29.05
Ukraine,UKR,GINI index (World Bank estimate),SI.POV.GINI,2003,28.66
Ukraine,UKR,GINI index (World Bank estimate),SI.POV.GINI,2004,28.93
Ukraine,UKR,GINI index (World Bank estimate),SI.POV.GINI,2005,29.02
Ukraine,UKR,GINI index (World Bank estimate),SI.POV.GINI,2006,29.79
Ukraine,UKR,GINI index (World Bank estimate),SI.POV.GINI,2007,28.57
Ukraine,UKR,GINI index (World Bank estimate),SI.POV.GINI,2008,26.64
Ukraine,UKR,GINI index (World Bank estimate),SI.POV.GINI,2009,25.32
Ukraine,UKR,GINI index (World Bank estimate),SI.POV.GINI,2010,24.82
Ukraine,UKR,GINI index (World Bank estimate),SI.POV.GINI,2011,24.55
Ukraine,UKR,GINI index (World Bank estimate),SI.POV.GINI,2012,24.74
Ukraine,UKR,GINI index (World Bank estimate),SI.POV.GINI,2013,24.55
Uruguay,URY,GINI index (World Bank estimate),SI.POV.GINI,1981,43.65
Uruguay,URY,GINI index (World Bank estimate),SI.POV.GINI,1989,42.37
Uruguay,URY,GINI index (World Bank estimate),SI.POV.GINI,1992,40.20
Uruguay,URY,GINI index (World Bank estimate),SI.POV.GINI,1995,42.11
Uruguay,URY,GINI index (World Bank estimate),SI.POV.GINI,1996,42.66
Uruguay,URY,GINI index (World Bank estimate),SI.POV.GINI,1997,42.73
Uruguay,URY,GINI index (World Bank estimate),SI.POV.GINI,1998,43.81
Uruguay,URY,GINI index (World Bank estimate),SI.POV.GINI,2000,44.39
Uruguay,URY,GINI index (World Bank estimate),SI.POV.GINI,2001,46.17
Uruguay,URY,GINI index (World Bank estimate),SI.POV.GINI,2002,46.65
Uruguay,URY,GINI index (World Bank estimate),SI.POV.GINI,2003,46.22
Uruguay,URY,GINI index (World Bank estimate),SI.POV.GINI,2004,47.14
Uruguay,URY,GINI index (World Bank estimate),SI.POV.GINI,2005,45.87
Uruguay,URY,GINI index (World Bank estimate),SI.POV.GINI,2006,47.20
Uruguay,URY,GINI index (World Bank estimate),SI.POV.GINI,2007,47.63
Uruguay,URY,GINI index (World Bank estimate),SI.POV.GINI,2008,46.27
Uruguay,URY,GINI index (World Bank estimate),SI.POV.GINI,2009,46.28
Uruguay,URY,GINI index (World Bank estimate),SI.POV.GINI,2010,45.32
Uruguay,URY,GINI index (World Bank estimate),SI.POV.GINI,2011,43.37
Uruguay,URY,GINI index (World Bank estimate),SI.POV.GINI,2012,41.32
Uruguay,URY,GINI index (World Bank estimate),SI.POV.GINI,2013,41.87
United States,USA,GINI index (World Bank estimate),SI.POV.GINI,1986,37.73
United States,USA,GINI index (World Bank estimate),SI.POV.GINI,1991,38.36
United States,USA,GINI index (World Bank estimate),SI.POV.GINI,1994,40.35
United States,USA,GINI index (World Bank estimate),SI.POV.GINI,1997,40.86
United States,USA,GINI index (World Bank estimate),SI.POV.GINI,2000,40.46
United States,USA,GINI index (World Bank estimate),SI.POV.GINI,2004,40.62
United States,USA,GINI index (World Bank estimate),SI.POV.GINI,2007,41.75
United States,USA,GINI index (World Bank estimate),SI.POV.GINI,2010,40.46
United States,USA,GINI index (World Bank estimate),SI.POV.GINI,2013,41.06
Uzbekistan,UZB,GINI index (World Bank estimate),SI.POV.GINI,1988,24.95
Uzbekistan,UZB,GINI index (World Bank estimate),SI.POV.GINI,1998,44.67
Uzbekistan,UZB,GINI index (World Bank estimate),SI.POV.GINI,2000,36.10
Uzbekistan,UZB,GINI index (World Bank estimate),SI.POV.GINI,2002,33.04
Uzbekistan,UZB,GINI index (World Bank estimate),SI.POV.GINI,2003,35.27
"Venezuela, RB",VEN,GINI index (World Bank estimate),SI.POV.GINI,1981,55.61
"Venezuela, RB",VEN,GINI index (World Bank estimate),SI.POV.GINI,1987,53.45
"Venezuela, RB",VEN,GINI index (World Bank estimate),SI.POV.GINI,1989,45.30
"Venezuela, RB",VEN,GINI index (World Bank estimate),SI.POV.GINI,1992,42.51
"Venezuela, RB",VEN,GINI index (World Bank estimate),SI.POV.GINI,1995,47.82
"Venezuela, RB",VEN,GINI index (World Bank estimate),SI.POV.GINI,1998,49.80
"Venezuela, RB",VEN,GINI index (World Bank estimate),SI.POV.GINI,1999,48.32
"Venezuela, RB",VEN,GINI index (World Bank estimate),SI.POV.GINI,2001,48.22
"Venezuela, RB",VEN,GINI index (World Bank estimate),SI.POV.GINI,2002,50.56
"Venezuela, RB",VEN,GINI index (World Bank estimate),SI.POV.GINI,2003,50.37
"Venezuela, RB",VEN,GINI index (World Bank estimate),SI.POV.GINI,2004,49.82
"Venezuela, RB",VEN,GINI index (World Bank estimate),SI.POV.GINI,2005,52.36
"Venezuela, RB",VEN,GINI index (World Bank estimate),SI.POV.GINI,2006,46.94
Vietnam,VNM,GINI index (World Bank estimate),SI.POV.GINI,1992,35.65
Vietnam,VNM,GINI index (World Bank estimate),SI.POV.GINI,1998,35.44
Vietnam,VNM,GINI index (World Bank estimate),SI.POV.GINI,2002,37.32
Vietnam,VNM,GINI index (World Bank estimate),SI.POV.GINI,2004,37.17
Vietnam,VNM,GINI index (World Bank estimate),SI.POV.GINI,2006,37.44
Vietnam,VNM,GINI index (World Bank estimate),SI.POV.GINI,2008,38.15
Vietnam,VNM,GINI index (World Bank estimate),SI.POV.GINI,2010,42.68
Vietnam,VNM,GINI index (World Bank estimate),SI.POV.GINI,2012,38.70
Vanuatu,VUT,GINI index (World Bank estimate),SI.POV.GINI,2010,37.18
West Bank and Gaza,PSE,GINI index (World Bank estimate),SI.POV.GINI,2004,33.97
West Bank and Gaza,PSE,GINI index (World Bank estimate),SI.POV.GINI,2005,34.72
West Bank and Gaza,PSE,GINI index (World Bank estimate),SI.POV.GINI,2006,33.96
West Bank and Gaza,PSE,GINI index (World Bank estimate),SI.POV.GINI,2007,35.61
West Bank and Gaza,PSE,GINI index (World Bank estimate),SI.POV.GINI,2009,34.46
Samoa,WSM,GINI index (World Bank estimate),SI.POV.GINI,2008,42.69
"Yemen, Rep.",YEM,GINI index (World Bank estimate),SI.POV.GINI,2005,35.89
South Africa,ZAF,GINI index (World Bank estimate),SI.POV.GINI,1993,59.33
South Africa,ZAF,GINI index (World Bank estimate),SI.POV.GINI,1995,62.97
South Africa,ZAF,GINI index (World Bank estimate),SI.POV.GINI,2000,57.77
South Africa,ZAF,GINI index (World Bank estimate),SI.POV.GINI,2006,64.79
South Africa,ZAF,GINI index (World Bank estimate),SI.POV.GINI,2008,63.01
South Africa,ZAF,GINI index (World Bank estimate),SI.POV.GINI,2011,63.38
"Congo, Dem. Rep.",COD,GINI index (World Bank estimate),SI.POV.GINI,2004,44.21
"Congo, Dem. Rep.",COD,GINI index (World Bank estimate),SI.POV.GINI,2012,42.10
Zambia,ZMB,GINI index (World Bank estimate),SI.POV.GINI,1991,60.51
Zambia,ZMB,GINI index (World Bank estimate),SI.POV.GINI,1993,52.61
Zambia,ZMB,GINI index (World Bank estimate),SI.POV.GINI,1996,48.33
Zambia,ZMB,GINI index (World Bank estimate),SI.POV.GINI,1998,49.13
Zambia,ZMB,GINI index (World Bank estimate),SI.POV.GINI,2002,42.06
Zambia,ZMB,GINI index (World Bank estimate),SI.POV.GINI,2004,54.29
Zambia,ZMB,GINI index (World Bank estimate),SI.POV.GINI,2006,54.62
Zambia,ZMB,GINI index (World Bank estimate),SI.POV.GINI,2010,55.62
